,age,workclass,fnlwgt,education,education_num,marital_status,occupation,relationship,race,sex,capital_gain,capital_loss,hours_per_week,native_country,income
27,54,2,180211,6,10,2,2,2,3,1,0,0,60,7,2
69,25,3,200681,6,10,1,7,4,1,1,0,0,40,1,1
77,67,2,212759,13,6,2,7,2,1,1,0,0,2,1,1
106,17,3,304873,13,6,1,6,4,1,2,34095,0,32,1,1
128,35,3,129305,2,9,2,7,2,1,1,0,0,40,1,1
149,43,3,174662,6,10,3,1,1,1,2,0,0,40,1,1
154,52,3,252903,2,9,3,7,1,1,1,0,0,45,1,2
160,68,3,38317,14,2,3,5,1,1,2,0,0,20,1,1
187,53,3,135105,1,13,3,4,1,1,2,0,0,50,1,1
201,19,3,170653,2,9,1,3,4,1,1,0,0,40,15,1
221,64,3,187656,14,2,3,7,1,1,1,0,0,40,1,1
226,60,3,24215,13,6,3,5,1,4,2,0,0,10,1,1
243,20,3,119156,6,10,1,5,4,1,1,0,0,20,1,1
266,19,3,218956,6,10,1,5,4,1,1,0,0,24,11,1
312,19,3,860348,6,10,1,5,4,2,2,0,0,25,1,1
326,23,3,211601,8,11,1,1,4,2,2,0,0,15,1,1
346,67,3,36135,3,7,2,7,2,1,1,0,0,8,1,1
347,30,3,151989,8,11,3,1,5,1,2,0,0,40,1,1
354,59,3,372020,1,13,2,4,2,1,1,0,0,40,1,2
397,20,3,137300,2,9,1,5,6,1,2,0,0,35,1,1
408,28,3,123147,6,10,2,1,3,1,2,0,1887,40,1,2
430,80,2,107762,2,9,7,6,1,1,1,0,0,24,1,1
431,17,3,202521,3,7,1,3,4,1,1,0,0,40,1,1
449,17,3,258872,3,7,1,6,4,1,2,0,0,5,1,1
459,32,3,115745,6,10,2,7,2,1,1,0,0,40,1,1
471,22,3,139883,6,10,1,7,4,1,1,0,0,40,1,1
484,52,3,271749,16,8,1,5,6,2,1,594,0,40,1,1
486,63,3,401531,14,2,2,9,2,1,1,0,0,35,1,1
499,72,3,303588,2,9,2,6,2,1,1,0,0,20,1,1
511,53,3,251804,12,3,7,5,5,2,2,0,0,30,1,1
515,57,3,222216,8,11,7,1,5,1,2,0,0,38,1,1
517,20,3,214635,6,10,1,5,4,1,1,0,0,24,1,1
518,21,3,204226,6,10,1,1,5,1,2,0,0,35,1,1
539,34,3,190027,2,9,1,1,5,2,2,0,0,40,1,1
576,18,3,165532,16,8,1,5,4,1,1,0,0,25,1,1
580,65,3,195733,6,10,2,6,2,1,1,0,0,30,1,2
590,42,3,137390,2,9,2,7,2,1,1,0,0,40,1,1
591,55,3,105138,2,9,2,1,3,3,2,0,0,40,1,1
596,23,3,99399,6,10,1,1,5,4,2,0,0,25,1,1
648,58,3,158611,2,9,2,9,2,1,1,0,0,50,1,1
656,70,3,167358,5,5,7,5,5,1,2,1111,0,15,1,1
668,20,3,114746,3,7,4,6,4,3,2,0,1762,40,7,1
671,17,3,80077,3,7,1,6,4,1,2,0,0,20,1,1
686,66,2,149422,9,4,1,7,1,1,1,0,0,4,1,1
695,25,3,202480,7,12,1,6,6,1,1,0,0,45,1,1
734,45,3,51164,6,10,2,1,3,2,2,0,0,40,1,1
788,59,3,192130,2,9,2,7,2,1,1,0,0,16,1,1
789,21,3,149704,2,9,1,1,1,1,2,1055,0,40,1,1
792,18,3,196061,6,10,1,6,4,1,1,0,0,33,1,1
806,50,1,23780,4,14,4,4,6,1,1,0,0,40,1,1
811,22,3,219941,6,10,1,3,4,2,1,0,0,40,1,1
830,42,3,257780,3,7,2,7,2,1,1,0,0,15,1,1
834,72,3,28929,3,7,7,5,1,1,2,0,0,24,1,1
885,63,3,149698,6,10,2,6,2,1,1,0,0,15,1,1
890,48,3,144397,6,10,3,5,5,2,2,0,0,30,1,1
903,27,3,90270,7,12,2,7,4,4,1,0,0,40,1,1
924,64,3,29825,2,9,2,6,2,1,1,0,0,5,1,1
931,19,3,52114,6,10,1,5,4,1,2,0,0,10,1,1
969,36,3,94954,8,11,7,5,1,1,2,0,0,20,1,1
982,23,3,184699,2,9,1,1,5,2,2,0,0,40,1,1
1019,19,3,117201,2,9,1,5,4,1,1,0,0,30,1,1
1034,76,2,431192,9,4,7,13,1,1,1,0,0,2,1,1
1035,19,3,241616,2,9,1,1,5,1,1,0,2001,40,1,1
1039,34,3,164309,3,7,2,5,3,1,2,0,0,8,1,1
1046,64,3,196288,7,12,1,1,1,1,2,0,0,20,1,1
1097,19,3,80710,2,9,1,1,4,1,2,0,0,40,1,1
1100,68,2,140282,9,4,2,7,2,1,1,0,0,8,1,1
1131,34,3,181934,2,9,3,1,1,1,2,0,0,40,1,1
1134,42,3,184018,6,10,3,7,5,1,1,0,0,40,1,1
1167,22,3,131573,6,10,1,1,4,1,2,0,0,8,1,1
1175,58,3,169982,6,10,2,2,2,1,1,0,0,40,1,2
1180,50,3,146015,2,9,2,7,2,1,1,0,0,40,1,2
1185,51,3,165637,4,14,2,4,2,1,1,0,0,40,1,1
1208,22,3,42004,6,10,1,5,4,1,1,0,0,30,1,1
1215,63,3,150389,1,13,7,4,1,1,2,0,0,40,1,2
1217,33,3,163003,2,9,3,5,1,3,2,0,0,41,29,1
1262,69,3,195779,8,11,7,4,1,1,2,0,0,1,1,1
1282,65,3,36039,2,9,2,7,2,1,1,0,0,40,1,2
1290,58,3,178660,16,8,2,7,2,1,1,0,0,40,1,1
1312,20,3,244689,6,10,1,5,1,1,2,0,0,25,1,1
1317,35,3,327120,7,12,1,6,1,1,1,0,0,55,1,1
1325,17,3,138507,13,6,1,5,4,1,1,0,0,20,1,1
1347,17,3,145886,3,7,1,6,4,1,2,0,0,30,1,1
1349,62,3,225652,9,4,2,9,2,1,1,3411,0,50,1,1
1371,61,3,190997,2,9,2,5,2,1,1,0,0,6,1,1
1388,19,3,194095,6,10,1,5,4,1,1,0,0,40,1,1
1404,42,3,51795,2,9,3,5,5,2,2,0,0,32,1,1
1420,19,3,172582,6,10,1,3,4,1,1,0,0,50,1,1
1433,18,3,169882,6,10,1,6,4,1,2,594,0,15,1,1
1441,61,3,347089,2,9,2,8,2,1,1,0,0,16,1,1
1452,17,3,333100,13,6,1,5,4,1,1,1055,0,30,1,1
1458,76,3,211453,2,9,7,1,1,2,2,0,0,2,1,1
1504,60,3,290593,4,14,2,4,2,1,1,0,0,40,1,1
1544,69,3,473040,12,3,3,9,1,1,1,0,0,40,1,1
1562,75,3,111177,1,13,7,1,1,1,2,25124,0,16,1,2
1569,20,3,174714,6,10,1,5,4,1,1,0,0,16,1,1
1570,19,3,62534,1,13,1,4,4,2,2,0,0,40,3,1
1574,49,3,261059,13,6,5,10,4,1,1,2176,0,40,1,1
1579,72,3,213255,2,9,7,1,1,1,2,0,0,8,1,1
1592,20,3,206671,6,10,1,3,4,1,1,1055,0,50,1,1
1606,35,3,451940,2,9,1,1,5,2,2,0,0,40,1,1
1629,36,3,200904,7,12,2,1,3,2,2,0,0,21,23,1
1656,26,3,211798,2,9,5,1,5,1,2,0,0,40,1,1
1665,39,3,71701,2,9,3,1,5,1,2,0,0,40,1,1
1704,22,3,376277,6,10,3,1,1,1,2,0,0,35,1,1
1707,32,3,158784,9,4,7,10,1,1,2,0,0,40,1,1
1758,51,3,167651,2,9,2,7,2,1,1,0,0,40,1,1
1761,65,3,266081,2,9,2,8,2,1,1,0,0,40,1,1
1773,17,3,158762,13,6,1,5,4,1,2,0,0,20,1,1
1778,17,3,228373,13,6,1,5,4,1,1,0,0,30,1,1
1823,19,3,263338,6,10,1,6,4,1,1,0,0,45,1,1
1846,21,3,163665,6,10,1,1,4,1,2,0,0,40,1,1
1851,63,2,231777,4,14,2,4,2,1,1,0,0,30,1,1
1865,60,3,386261,1,13,4,1,5,2,2,0,0,15,1,1
1878,23,3,22966,1,13,1,5,4,1,1,0,0,35,1,1
1923,21,3,124242,6,10,1,1,4,1,2,0,0,40,1,1
1931,50,3,156008,3,7,2,5,4,2,2,0,0,40,1,1
1971,31,3,672412,3,7,5,3,1,2,1,0,0,40,1,1
1987,28,3,169631,7,12,6,4,3,1,2,0,0,3,1,1
2025,23,3,154373,1,13,1,4,1,1,2,0,0,50,1,1
2036,19,3,33487,6,10,1,1,6,4,2,0,0,40,1,1
2046,23,3,196816,2,9,1,5,1,1,1,0,0,30,1,1
2061,20,3,376474,6,10,1,5,4,1,1,0,0,32,1,1
2072,63,3,54851,2,9,2,7,2,1,1,0,0,40,1,1
2084,28,3,308493,2,9,2,1,3,1,2,0,0,17,9,1
2091,29,3,410351,1,13,1,4,1,1,1,0,0,40,1,1
2094,22,3,27937,6,10,1,8,4,1,1,0,0,36,1,1
2105,17,3,103810,16,8,1,3,4,1,1,0,0,40,1,1
2118,61,3,188172,10,16,7,4,1,1,2,0,0,5,1,1
2126,20,3,81853,6,10,1,1,4,3,2,0,0,15,1,1
2152,21,3,300812,6,10,1,5,4,1,1,0,0,30,1,1
2155,66,3,117778,3,7,2,7,2,1,1,0,0,40,1,1
2163,61,3,113544,1,13,2,2,2,1,1,0,0,55,1,1
2164,47,3,331650,2,9,2,1,3,1,2,0,0,8,1,2
2210,39,3,179352,6,10,3,1,1,1,2,0,0,35,1,1
2213,60,2,131852,12,3,2,8,2,1,1,0,0,30,1,2
2222,20,3,96862,6,10,1,1,4,1,2,0,0,8,1,1
2281,18,3,120243,3,7,1,3,4,1,1,0,0,27,1,1
2292,18,3,346382,3,7,1,5,4,1,1,0,0,15,1,1
2323,23,3,243190,6,10,1,6,4,3,1,0,0,20,29,1
2327,25,3,41107,1,13,4,4,1,1,1,0,0,40,11,1
2340,27,3,253873,6,10,3,5,1,1,2,0,0,25,1,1
2354,22,3,217421,6,10,1,6,4,1,2,0,0,30,1,1
2356,22,3,196943,6,10,5,6,4,1,1,0,0,25,1,1
2358,67,3,184506,3,7,2,2,2,1,1,0,419,3,1,1
2359,20,3,121313,13,6,1,3,4,1,1,0,0,40,1,1
2372,74,3,340939,5,5,2,3,2,1,1,3471,0,40,1,1
2380,23,3,148751,6,10,1,1,1,1,2,0,0,35,1,1
2382,39,3,103986,2,9,1,7,1,1,1,0,1590,40,1,1
2397,21,3,79728,6,10,1,1,4,1,2,0,0,40,1,1
2420,66,3,177351,1,13,2,2,2,1,1,0,2174,40,1,2
2427,20,3,287681,6,10,1,5,4,1,1,0,0,36,1,1
2464,69,3,183958,2,9,2,7,2,1,1,0,0,8,1,1
2476,21,3,219835,8,11,1,7,1,1,1,0,0,40,1,1
2486,75,3,164849,5,5,2,13,2,2,1,1409,0,5,1,1
2491,76,2,152802,6,10,2,6,2,1,1,0,0,8,1,1
2496,19,3,356717,6,10,1,1,4,1,2,0,0,25,1,1
2506,19,3,143867,6,10,1,5,4,1,1,0,0,40,1,1
2521,54,3,169785,4,14,1,4,1,1,2,0,0,40,1,1
2544,19,3,192773,6,10,1,5,4,1,2,0,0,35,1,1
2566,53,3,181317,2,9,2,7,2,1,1,0,0,40,1,1
2570,54,3,124993,2,9,2,7,2,1,1,0,0,40,1,2
2571,21,3,148509,6,10,1,5,1,1,2,0,0,30,1,1
2578,67,4,45537,4,14,2,4,2,2,1,0,0,40,1,2
2586,26,3,152046,3,7,1,5,1,1,2,0,0,35,12,1
2594,67,3,150516,2,9,7,9,5,1,1,0,0,3,1,1
2606,21,3,34443,6,10,1,9,4,1,1,0,0,50,1,1
2632,40,3,70645,6,10,2,1,3,1,2,0,0,20,1,1
2634,66,3,112871,3,7,1,5,1,1,1,0,0,30,1,1
2638,52,3,159755,8,11,2,2,2,1,1,0,0,50,1,2
2673,18,3,423460,3,7,1,3,4,1,1,0,0,36,1,1
2676,62,3,139391,6,10,2,6,2,1,1,0,0,24,1,1
2689,22,3,216563,2,9,1,1,6,1,2,0,0,40,1,1
2751,55,3,205527,2,9,3,7,1,1,1,0,0,20,1,1
2760,56,3,656036,2,9,2,9,2,1,1,0,0,25,1,1
2761,34,3,346762,3,7,3,8,4,1,1,0,0,84,1,1
2847,26,3,188343,2,9,1,1,5,2,2,0,0,40,1,1
2856,46,3,162034,2,9,2,7,2,1,1,0,0,40,1,1
2857,28,3,157813,3,7,3,5,5,1,2,0,0,58,11,1
2858,17,3,179715,13,6,1,5,4,1,1,0,0,40,1,1
2885,65,3,327154,2,9,7,1,5,1,2,0,0,40,1,1
2930,21,3,230397,6,10,1,1,4,1,2,0,0,5,1,1
2932,32,3,199046,8,11,1,4,5,1,2,0,0,2,1,1
2947,18,3,297396,2,9,1,5,4,1,1,0,0,10,1,1
2952,22,3,35448,2,9,2,5,3,1,2,0,0,22,1,1
2961,68,3,133758,9,4,7,8,1,2,1,0,0,10,1,1
2999,72,3,177226,2,9,2,7,2,1,1,0,0,8,1,1
3005,19,3,145234,6,10,1,5,4,1,1,0,0,30,1,1
3033,40,3,78255,2,9,3,7,1,1,1,0,0,25,1,1
3042,40,3,273425,8,11,2,5,2,1,1,0,0,15,1,1
3065,72,3,113044,2,9,7,5,1,1,1,0,0,30,1,1
3072,28,3,192569,2,9,1,3,4,2,1,0,0,40,1,1
3088,20,3,182117,6,10,1,3,4,1,1,0,0,40,1,1
3096,22,3,175586,2,9,1,5,5,2,2,0,0,35,1,1
3119,35,3,169809,1,13,2,4,2,1,1,0,0,20,1,1
3146,32,3,199244,13,6,3,10,1,1,2,0,0,40,1,1
3207,23,3,123983,1,13,1,4,4,5,1,0,0,40,1,1
3211,82,3,29441,9,4,7,6,1,1,1,0,0,5,1,1
3228,32,3,53042,2,9,1,7,4,2,1,0,0,40,1,1
3231,52,3,134447,6,10,2,6,2,1,1,0,0,50,1,1
3239,17,3,110998,6,10,1,1,4,3,2,0,0,40,14,1
3255,47,3,111563,8,11,3,7,1,1,1,0,0,40,1,1
3269,21,3,224209,2,9,2,5,3,2,2,0,0,30,1,1
3291,74,2,29866,9,4,2,6,2,1,1,0,0,2,1,1
3297,76,2,28221,2,9,2,9,2,1,1,0,0,40,11,2
3330,36,3,356838,16,8,1,7,1,1,1,0,0,35,1,1
3338,79,3,144533,2,9,7,5,1,2,2,0,0,30,1,1
3351,30,3,96851,6,10,1,5,1,1,2,0,1719,25,1,1
3371,20,3,235442,6,10,1,5,4,1,1,0,0,35,1,1
3387,51,3,163998,2,9,4,6,1,1,1,0,0,20,1,2
3402,66,3,190324,2,9,2,3,2,2,1,0,0,18,1,1
3439,40,3,162108,1,13,3,4,1,1,2,0,0,50,1,1
3453,18,3,139003,2,9,1,1,6,5,2,0,0,12,1,1
3456,22,3,113175,6,10,1,1,4,1,2,0,0,20,1,1
3459,21,3,356772,2,9,1,1,5,1,2,0,0,40,1,1
3486,34,3,197688,2,9,1,5,1,2,2,0,0,40,1,1
3516,19,3,188618,6,10,1,6,4,1,2,0,0,25,1,1
3531,32,3,282622,2,9,3,5,5,1,2,0,0,28,1,1
3555,17,3,213055,3,7,1,6,1,5,2,0,0,20,1,1
3572,19,3,37332,2,9,1,5,4,1,2,1055,0,12,1,1
3573,19,3,365871,9,4,1,7,1,1,1,0,0,40,6,1
3588,74,3,104661,6,10,7,1,1,1,2,0,0,12,1,1
3592,39,3,362685,15,1,7,5,1,1,2,0,0,20,26,1
3594,59,3,154236,2,9,2,1,3,1,2,7688,0,40,1,2
3597,23,3,191444,2,9,1,7,4,1,1,0,0,40,1,1
3631,60,3,191024,2,9,2,7,2,1,1,0,0,40,1,1
3670,31,3,226883,2,9,3,8,4,1,1,0,0,75,1,1
3703,21,3,249271,6,10,2,7,2,1,1,0,0,40,1,1
3725,18,3,298133,6,10,1,5,4,1,1,0,0,40,1,1
3736,36,3,53606,8,11,2,1,3,1,2,3908,0,8,1,1
3744,22,3,517995,2,9,1,7,4,1,1,0,0,40,6,1
3747,32,3,640383,1,13,3,2,5,1,2,0,0,40,1,1
3759,68,3,196782,9,4,2,9,2,1,1,0,0,30,1,1
3773,74,2,95825,6,10,7,1,1,1,2,0,0,3,1,1
3775,20,3,29810,6,10,1,5,4,1,2,0,0,40,1,1
3805,19,3,423863,6,10,1,1,4,1,2,0,0,35,1,1
3822,54,3,32385,2,9,3,5,1,1,2,0,0,30,1,1
3843,20,2,34862,6,10,1,9,4,4,1,0,0,72,1,1
3851,22,3,306031,6,10,1,3,4,1,1,0,0,40,1,1
3863,62,3,94931,8,11,2,7,2,1,1,3411,0,40,1,1
3887,31,3,26553,1,13,2,11,3,1,2,0,0,25,1,2
3895,62,3,182687,6,10,2,2,3,1,2,0,0,45,1,2
3897,19,3,174233,6,10,1,5,4,2,1,0,0,24,1,1
3901,18,3,437851,6,10,1,5,4,1,1,0,0,40,1,1
3902,22,3,131230,6,10,1,7,4,1,1,0,0,40,1,1
3916,27,3,130856,1,13,1,4,1,1,1,0,0,40,1,1
3942,28,3,37215,1,13,1,2,4,1,1,0,0,45,1,1
3947,42,3,240027,2,9,3,1,1,2,2,0,0,40,1,1
3949,45,3,28359,2,9,5,5,5,1,2,0,0,10,1,1
3950,29,3,315026,2,9,3,1,5,1,2,0,0,40,1,1
3963,83,3,251951,2,9,7,1,1,1,2,0,0,20,1,1
3969,59,2,117751,7,12,3,7,1,1,1,0,0,8,1,1
3980,55,3,106707,7,12,2,11,2,2,1,0,0,20,1,2
3990,77,3,147284,2,9,7,1,1,1,2,0,0,14,1,1
4003,23,3,114357,6,10,1,7,1,1,1,0,0,40,1,1
4017,37,3,172256,6,10,2,7,2,1,1,0,0,20,1,1
4018,72,2,118902,10,16,2,2,2,1,1,0,2392,6,1,2
4021,19,3,35507,6,10,1,6,4,1,2,0,0,45,1,1
4072,34,3,146589,2,9,1,5,5,2,2,0,0,40,1,1
4080,19,3,208874,6,10,1,5,4,1,1,0,0,40,1,1
4086,50,2,174964,13,6,2,9,2,1,1,0,0,99,1,1
4090,19,3,175499,3,7,1,5,4,1,2,0,0,30,1,1
4109,90,3,256514,1,13,7,4,6,1,2,991,0,10,1,1
4147,66,3,299616,6,10,2,6,2,1,1,0,0,40,1,1
4152,20,3,174714,6,10,1,5,4,1,1,0,0,20,1,1
4155,66,3,107112,9,4,1,5,6,2,1,0,0,30,1,1
4169,27,3,129661,8,11,2,1,3,4,2,0,0,40,1,2
4174,17,3,114798,3,7,1,6,4,1,2,0,0,18,1,1
4200,18,3,395567,3,7,1,3,4,1,1,0,0,40,1,1
4212,54,3,187221,9,4,1,5,1,1,2,0,0,25,1,1
4215,53,5,158352,4,14,1,4,1,1,2,8614,0,35,1,2
4217,20,3,307149,6,10,1,1,4,1,2,0,0,35,1,1
4240,22,3,87867,16,8,1,5,1,1,1,0,0,30,1,1
4272,22,3,201179,6,10,1,1,4,1,1,0,0,40,1,1
4288,66,3,160995,13,6,3,5,1,1,2,1086,0,20,1,1
4299,20,3,124242,6,10,1,1,4,1,2,0,0,40,1,1
4309,58,3,142158,2,9,7,5,1,1,2,0,0,12,1,1
4315,56,3,275943,6,10,2,7,2,1,1,0,0,40,37,1
4337,33,2,182771,1,13,1,5,4,3,1,0,0,80,14,1
4369,22,3,211968,6,10,1,1,4,1,2,0,0,40,13,1
4393,19,3,63574,6,10,1,9,4,1,1,0,0,50,1,1
4409,19,3,20469,2,9,1,5,6,3,2,0,0,12,7,1
4413,20,3,193416,6,10,1,1,4,1,2,0,0,40,1,1
4422,56,3,128900,6,10,7,1,1,2,2,0,0,40,1,1
4435,40,3,341539,6,10,3,1,1,1,2,0,0,30,1,1
4437,56,3,132930,4,14,1,4,1,1,2,0,0,50,1,2
4460,29,3,168873,6,10,3,5,5,1,2,0,0,30,1,1
4464,73,3,132737,13,6,1,5,1,1,1,0,0,4,1,1
4499,21,3,301853,6,10,1,5,4,1,1,0,0,40,1,1
4500,35,3,296738,3,7,5,6,1,1,2,6849,0,60,1,1
4519,21,3,189888,7,12,1,6,1,1,1,0,0,55,1,1
4531,22,3,153131,6,10,1,7,4,1,1,0,0,40,1,1
4548,40,3,397346,7,12,3,7,1,1,1,0,0,40,1,1
4553,22,3,291407,16,8,1,3,4,2,1,0,0,40,1,1
4592,35,3,117528,8,11,2,1,3,1,2,0,0,40,1,2
4606,35,3,200426,2,9,2,5,3,1,2,0,0,12,1,1
4607,20,3,24395,6,10,1,1,5,1,2,0,0,20,1,1
4613,77,3,232894,5,5,2,7,2,2,1,0,0,40,1,1
4621,18,3,191117,3,7,1,5,4,1,1,0,0,25,1,1
4627,58,3,198478,9,4,2,7,2,1,1,0,0,24,1,1
4655,19,3,124884,5,5,1,5,1,1,2,0,0,25,1,1
4685,34,3,317219,6,10,2,1,3,1,2,0,0,20,1,2
4688,20,3,249087,6,10,1,1,4,1,2,0,0,40,1,1
4721,60,2,204486,1,13,2,2,2,1,1,0,0,8,1,2
4729,69,3,628797,6,10,7,1,1,1,2,0,0,20,1,1
4745,47,3,224108,2,9,7,1,5,1,2,0,0,40,1,1
4752,60,3,199947,2,9,2,7,2,1,1,0,0,32,1,1
4755,70,3,173736,1,13,2,2,2,1,1,0,0,6,1,1
4766,63,3,203821,2,9,2,7,2,1,1,0,0,40,1,1
4778,28,3,200819,9,4,3,9,4,1,1,0,0,84,1,1
4782,67,3,182378,1,13,2,2,2,1,1,9386,0,60,1,2
4801,50,3,22428,4,14,1,4,1,1,1,0,0,40,1,1
4812,69,3,164102,2,9,3,1,1,1,2,0,0,40,1,2
4818,20,3,202994,6,10,1,1,4,1,2,0,0,16,1,1
4835,28,3,291374,13,6,1,5,5,2,2,0,0,40,1,1
4838,31,3,345497,13,6,2,7,2,1,1,0,0,40,1,1
4884,26,3,176077,6,10,1,1,5,1,2,0,0,40,1,1
4925,28,3,290267,1,13,1,4,1,1,1,0,0,18,1,1
4942,17,3,139183,13,6,1,6,4,1,2,0,0,15,1,1
4958,20,3,293136,6,10,1,5,4,1,2,0,0,35,1,1
4970,51,3,203953,2,9,2,7,2,1,1,0,0,40,1,2
4980,45,3,144354,5,5,5,10,4,2,1,0,0,40,1,1
4982,22,3,99543,6,10,1,5,4,1,1,0,0,20,1,1
5020,18,3,30246,6,10,1,6,4,1,2,0,0,20,1,1
5064,18,3,163788,6,10,1,6,4,1,2,0,0,40,1,1
5147,17,3,127003,5,5,1,5,4,2,1,0,0,40,1,1
5156,73,3,180603,2,9,7,5,1,1,2,0,0,8,1,1
5172,32,3,134886,2,9,2,4,3,1,2,0,0,2,1,2
5193,61,3,161279,2,9,7,1,1,1,2,0,0,36,1,1
5198,76,7,172637,6,10,2,6,2,1,1,0,0,20,1,2
5207,53,3,220640,1,13,3,4,6,5,2,0,0,20,1,1
5209,25,3,262245,8,11,1,1,4,1,2,3418,0,40,1,1
5214,63,5,445168,1,13,7,4,1,4,2,0,0,56,1,1
5228,27,3,330132,2,9,1,5,1,1,2,0,0,25,1,1
5255,35,3,253860,2,9,3,5,5,1,2,0,0,20,1,1
5294,77,3,132728,4,14,3,2,1,1,1,0,0,45,1,1
5296,35,3,61343,2,9,2,7,2,1,1,0,0,40,1,1
5302,21,3,180339,6,10,1,5,4,1,2,0,0,25,1,1
5307,38,3,204668,8,11,5,5,5,1,2,0,0,25,1,1
5320,28,3,230704,2,9,1,10,1,2,1,0,0,40,1,1
5321,24,3,267955,5,5,1,5,4,1,2,0,0,20,1,1
5340,74,3,204840,12,3,2,9,2,1,1,0,0,56,6,1
5344,61,3,226989,6,10,4,6,1,1,1,0,0,40,1,1
5346,20,3,432376,6,10,1,3,4,1,1,0,0,40,12,1
5383,20,3,41183,6,10,1,5,4,1,2,0,0,30,1,1
5384,19,3,308064,2,9,1,5,1,2,2,0,0,40,1,1
5440,35,3,476573,2,9,1,5,1,1,2,0,0,4,1,1
5446,18,3,23233,13,6,1,3,4,1,1,0,0,40,1,1
5471,60,3,251572,2,9,7,10,1,1,1,0,0,35,16,1
5492,55,3,193895,2,9,3,1,1,1,2,0,0,40,10,1
5526,20,3,201680,6,10,1,5,4,1,1,0,0,35,1,1
5529,62,3,235521,2,9,2,7,2,1,1,0,0,48,1,1
5548,57,3,199114,13,6,5,7,1,1,1,0,0,30,1,1
5561,64,3,286732,9,4,7,5,1,1,2,0,0,40,1,1
5565,18,3,279288,13,6,1,6,6,1,2,0,0,30,1,1
5590,78,3,363134,2,9,7,1,1,1,2,0,0,1,1,1
5623,41,3,230020,12,3,2,8,2,5,1,0,0,40,1,1
5632,45,3,189564,4,14,2,4,3,1,2,0,0,1,1,1
5652,56,3,188166,2,9,2,7,2,1,1,0,0,40,1,1
5679,76,3,173542,1,13,2,2,2,1,1,0,0,10,1,1
5687,71,3,250263,6,10,2,6,2,1,1,3432,0,30,1,1
5720,28,3,55950,1,13,1,4,4,2,2,0,0,40,12,1
5753,40,3,161285,6,10,2,1,3,1,2,0,0,25,1,1
5766,62,2,97231,6,10,2,4,3,1,2,0,0,1,1,1
5788,27,3,308995,6,10,3,1,4,2,2,0,0,40,1,1
5803,27,3,224421,6,10,3,7,4,1,1,0,0,40,1,1
5808,76,2,211574,13,6,2,7,2,1,1,0,0,1,1,1
5832,78,3,165694,4,14,7,4,1,1,2,0,0,15,1,1
5853,25,3,394820,6,10,5,1,5,1,2,0,0,20,1,1
5916,73,2,281907,3,7,2,13,2,1,1,0,0,3,1,1
5921,33,3,209432,2,9,5,5,5,1,2,0,0,20,1,1
5928,21,3,134746,6,10,1,1,4,1,2,0,0,35,1,1
5977,29,3,134566,10,16,2,4,2,1,1,0,0,50,1,2
5983,22,3,367655,6,10,1,7,4,1,1,0,0,40,1,1
6015,67,3,183374,2,9,7,1,1,1,2,2329,0,15,1,1
6039,55,3,103654,2,9,7,5,1,1,2,0,0,20,1,1
6051,56,3,131608,2,9,3,2,1,1,1,0,0,10,1,1
6131,22,3,291547,12,3,2,10,3,5,2,0,0,40,6,1
6178,60,3,153072,2,9,2,6,2,1,1,0,0,5,1,1
6231,66,3,31362,6,10,2,9,2,1,1,0,0,20,1,1
6284,41,3,149385,2,9,1,5,1,1,2,0,0,30,1,1
6285,19,3,169324,6,10,1,5,4,1,1,0,0,10,1,1
6314,31,3,86143,2,9,2,5,2,3,1,0,0,40,14,1
6342,70,2,293076,6,10,2,6,2,1,1,0,0,30,1,1
6351,19,3,263224,3,7,1,5,5,1,2,0,0,30,1,1
6407,54,3,95329,6,10,3,6,4,1,1,0,0,50,1,1
6432,38,2,104094,6,10,2,6,2,1,1,0,0,15,1,1
6448,20,3,298155,6,10,1,1,4,2,2,0,0,40,1,1
6510,66,3,168071,2,9,2,6,2,1,1,0,0,30,1,1
6521,28,3,201844,2,9,5,1,5,1,2,0,0,40,6,1
6536,34,3,157289,2,9,2,7,2,1,1,0,0,40,1,1
6542,17,3,454614,3,7,1,6,4,1,2,0,0,8,1,1
6549,30,3,203834,1,13,1,4,1,3,2,0,0,50,22,1
6558,21,3,170038,6,10,1,1,4,1,2,0,0,40,1,1
6564,21,3,161930,2,9,1,6,4,2,2,0,1504,30,1,1
6591,33,3,234542,8,11,1,1,4,1,2,0,0,40,1,1
6640,18,3,128538,6,10,1,5,4,1,2,0,0,6,1,1
6646,37,3,223732,6,10,5,7,5,1,1,0,0,40,1,1
6663,18,3,387641,6,10,1,1,4,1,1,0,0,40,1,1
6679,63,3,198559,2,9,2,7,2,1,1,0,0,16,1,1
6733,21,3,152328,6,10,1,5,4,1,1,0,0,20,1,1
6734,33,3,177824,2,9,5,1,5,1,2,0,0,40,1,1
6753,61,3,198542,1,13,3,4,1,1,2,0,0,40,1,1
6766,71,3,205011,6,10,2,2,2,1,1,0,0,10,1,1
6798,64,3,207321,6,10,2,6,2,1,1,0,0,20,1,1
6834,60,3,112821,6,10,2,6,2,1,1,0,0,35,1,2
6860,18,3,202516,2,9,1,6,4,1,2,0,0,35,1,1
6862,51,3,69328,8,11,2,2,2,1,1,0,0,50,1,2
6877,19,3,371827,2,9,1,3,4,1,1,0,0,40,24,1
6896,59,3,93655,6,10,2,7,2,1,1,0,0,40,1,1
6914,67,3,407618,5,5,3,2,1,1,2,2050,0,40,1,1
6935,60,3,191118,2,9,2,7,2,1,1,0,1848,40,1,2
6948,60,3,124487,6,10,3,1,1,1,2,0,0,40,1,2
6993,20,3,111252,6,10,1,5,4,1,2,0,0,30,1,1
6995,20,3,168863,6,10,1,5,4,1,2,0,0,20,1,1
7011,23,3,113700,1,13,1,2,4,1,1,0,0,50,1,1
7027,64,2,143716,4,14,2,4,2,1,1,0,0,2,1,1
7049,22,3,182771,8,11,1,5,4,3,1,0,0,20,1,1
7075,28,3,291374,2,9,5,5,5,2,2,0,0,30,1,1
7100,57,7,208311,1,13,2,6,2,1,1,0,0,80,1,2
7102,18,3,201299,6,10,1,1,4,1,2,0,0,40,1,1
7106,36,3,176458,2,9,3,5,5,1,2,0,0,28,1,1
7136,25,3,219987,7,12,2,3,2,1,1,0,0,13,1,1
7149,22,3,179973,8,11,1,7,4,1,1,0,0,40,1,1
7164,20,3,201766,6,10,1,1,4,1,2,0,0,35,1,1
7167,68,2,484298,3,7,2,2,2,1,1,0,0,30,1,1
7173,64,3,140237,15,1,2,7,2,1,1,0,0,40,1,1
7193,65,3,221881,3,7,2,7,2,1,1,0,0,40,6,1
7291,25,3,122745,2,9,1,7,4,1,1,0,1602,40,1,1
7301,66,3,376028,2,9,2,1,3,1,2,0,0,20,1,1
7322,28,3,194087,6,10,1,1,6,1,2,0,0,40,1,1
7340,20,3,308924,6,10,1,5,4,1,1,0,0,25,1,1
7352,18,3,192399,6,10,1,6,4,1,1,0,0,60,1,1
7437,18,3,80564,2,9,1,9,4,1,1,0,0,60,1,1
7457,22,3,195532,2,9,1,1,4,1,2,0,0,40,1,1
7463,68,3,170182,6,10,1,1,5,2,2,0,0,40,1,1
7472,21,3,138575,2,9,1,10,6,1,1,0,0,60,1,1
7510,62,3,225657,2,9,2,5,2,1,1,0,0,24,1,1
7554,34,3,133861,2,9,2,7,2,1,1,0,0,25,1,1
7559,64,3,205479,1,13,2,2,2,1,1,0,0,50,1,2
7560,19,3,47713,6,10,1,1,4,1,2,0,0,40,1,1
7576,40,3,180362,1,13,1,4,4,1,2,0,0,40,1,1
7579,41,3,277390,1,13,2,4,3,1,2,0,0,30,1,2
7584,19,3,204441,2,9,1,5,6,2,1,0,0,20,1,1
7611,22,3,32732,6,10,1,9,4,1,1,0,0,50,1,1
7663,17,3,659273,3,7,1,1,4,2,2,0,0,40,35,1
7683,24,3,112683,2,9,1,5,1,1,2,0,0,32,1,1
7724,48,3,185291,1,13,2,4,2,1,1,0,0,6,1,1
7740,30,3,186420,1,13,1,4,1,1,2,0,0,40,1,1
7746,54,3,196975,2,9,3,7,6,1,1,0,0,45,1,1
7750,23,3,72953,2,9,1,7,1,1,1,0,0,40,1,1
7763,53,3,64322,9,4,5,7,1,1,1,0,0,40,1,1
7773,25,3,218948,9,4,1,5,1,1,2,0,0,32,6,1
7784,24,3,377725,1,13,1,4,1,1,2,0,0,40,1,1
7787,20,3,149478,6,10,1,5,6,1,2,0,0,25,1,1
7815,33,3,190027,2,9,1,5,5,2,2,0,0,20,1,1
7826,55,3,208640,2,9,2,6,2,1,1,0,0,30,1,2
7839,33,3,202498,9,4,5,3,1,1,1,0,0,40,28,1
7872,81,3,162882,2,9,3,1,1,1,2,0,0,35,1,1
7876,44,3,468706,2,9,2,7,2,2,1,0,0,40,1,1
7900,40,3,428584,2,9,2,1,3,2,2,3464,0,20,1,1
7905,62,3,73091,9,4,7,5,1,2,1,0,0,40,1,1
7942,51,3,76437,6,10,3,1,5,1,2,0,0,40,1,1
7963,19,3,26620,6,10,1,1,4,1,2,0,0,40,1,1
7971,30,3,104965,5,5,1,5,1,1,2,0,0,30,1,1
7977,67,2,157403,11,15,2,4,2,1,1,6418,0,10,1,2
7999,20,3,53738,6,10,1,9,4,1,1,0,0,60,1,1
8002,66,3,213149,6,10,2,6,2,1,1,0,1825,40,1,2
8007,44,3,174147,6,10,2,7,2,1,1,0,0,40,1,1
8022,32,3,123971,3,7,3,6,1,1,2,0,0,49,1,1
8042,22,3,219233,2,9,1,3,4,2,1,0,1602,30,1,1
8053,29,3,189282,2,9,2,5,1,1,2,0,0,27,1,1
8057,36,3,216256,2,9,2,7,2,1,1,3464,0,30,1,1
8069,57,3,300104,12,3,2,8,2,1,1,7298,0,84,1,2
8085,67,3,81761,2,9,3,9,4,1,1,0,0,20,1,1
8088,54,3,148657,15,1,2,10,3,1,2,0,0,40,6,1
8096,52,3,248113,15,1,4,5,6,1,1,0,0,40,6,1
8098,18,3,215463,16,8,1,6,4,1,2,0,0,25,1,1
8100,25,3,35829,6,10,3,6,5,1,2,0,0,50,1,1
8134,18,3,175648,3,7,1,3,4,1,1,0,0,40,1,1
8147,24,3,196388,7,12,1,5,1,1,1,0,0,12,1,1
8168,20,3,388811,6,10,1,1,4,1,2,0,0,40,1,1
8189,23,3,234970,6,10,1,1,4,2,2,0,0,40,1,1
8193,34,3,353881,8,11,2,7,2,1,1,3103,0,60,1,2
8222,28,3,190303,7,12,1,7,6,1,1,0,0,40,1,1
8241,20,3,194096,6,10,1,1,4,1,2,0,0,40,1,1
8297,24,3,41356,6,10,1,1,1,1,2,0,0,40,1,1
8322,20,3,124954,6,10,1,5,4,1,1,0,0,30,1,1
8364,43,3,142030,2,9,3,1,5,1,2,0,0,40,1,1
8387,34,3,55921,2,9,2,7,2,1,1,0,0,40,1,1
8429,18,3,256191,2,9,1,6,4,2,2,0,0,25,1,1
8446,78,2,27979,2,9,2,9,2,1,1,2228,0,32,1,1
8447,67,3,244122,8,11,7,4,1,1,2,0,0,1,1,1
8472,75,3,173064,1,13,2,2,2,1,1,0,0,6,1,1
8499,66,3,107744,6,10,2,7,2,1,1,0,0,40,1,1
8532,20,3,210029,6,10,1,1,4,1,2,0,0,40,1,1
8543,62,3,191188,2,9,2,7,2,1,1,0,0,40,1,1
8565,19,3,217769,6,10,1,1,4,1,2,594,0,10,1,1
8607,22,3,246386,2,9,1,1,5,2,2,0,0,40,1,1
8636,65,3,111916,2,9,2,7,2,1,1,0,0,40,1,1
8643,43,3,116632,6,10,2,2,2,1,1,0,0,45,1,2
8673,28,3,168524,8,11,2,1,4,1,2,0,0,40,1,1
8692,65,3,149049,2,9,2,7,2,1,1,0,0,40,1,1
8694,80,2,29020,11,15,2,4,2,1,1,10605,0,10,1,2
8749,23,3,134997,6,10,5,5,5,1,2,0,0,20,1,1
8757,22,3,335453,6,10,1,1,4,1,2,0,0,16,1,1
8764,53,2,29231,9,4,2,5,2,1,1,0,0,35,1,1
8769,22,3,120572,6,10,1,1,4,1,2,0,0,40,1,1
8782,21,3,494638,7,12,1,5,4,1,1,0,0,15,1,1
8788,18,3,276864,6,10,1,6,4,1,2,0,1602,20,1,1
8795,61,3,30475,9,4,2,7,2,1,1,0,0,40,1,2
8805,20,3,216563,3,7,1,3,6,1,1,0,0,40,1,1
8822,69,3,171050,2,9,7,1,1,1,2,0,0,9,1,1
8847,27,3,291547,1,13,2,4,1,5,2,0,0,6,6,1
8853,68,3,29240,2,9,7,6,1,1,2,0,0,12,1,1
8908,29,3,41281,1,13,4,4,1,1,1,0,0,50,1,1
8920,18,3,274746,2,9,1,5,5,1,2,0,0,20,1,1
8940,27,3,188711,6,10,3,6,1,1,1,0,0,30,1,1
8949,60,3,366531,8,11,7,4,1,1,2,0,0,40,1,1
8954,65,3,325537,8,11,2,2,2,1,1,0,0,50,1,2
8963,90,3,77053,2,9,7,5,1,1,2,0,4356,40,1,1
8985,28,3,196630,8,11,5,1,5,1,2,0,0,40,6,1
8991,29,3,44921,2,9,2,1,3,1,2,0,0,40,1,1
8996,23,3,145964,6,10,1,7,1,1,1,0,0,40,1,1
9028,57,2,24127,1,13,2,6,2,1,1,0,0,8,1,1
9030,77,3,185426,2,9,2,7,2,1,1,0,0,15,1,1
9106,71,3,193863,9,4,7,5,6,1,2,0,0,16,16,1
9138,27,3,61387,1,13,2,4,2,1,1,0,0,15,1,1
9140,77,5,28678,4,14,2,6,2,1,1,9386,0,6,1,2
9141,19,3,180976,13,6,1,5,5,1,2,0,0,35,1,1
9147,75,3,260543,13,6,7,6,6,3,2,0,0,1,29,1
9148,21,3,80680,2,9,1,1,1,1,2,0,0,40,1,1
9155,19,3,369678,2,9,1,5,1,5,1,0,0,30,1,1
9170,21,3,143995,6,10,1,5,4,2,1,0,0,20,1,1
9178,31,3,317761,1,13,1,4,1,1,1,0,0,40,1,1
9197,47,3,149700,1,13,2,4,2,1,1,0,0,36,1,2
9211,33,3,193172,8,11,2,4,4,1,2,7688,0,50,1,2
9214,24,3,283731,1,13,1,4,4,1,1,0,0,40,1,1
9245,72,2,33608,6,10,2,9,2,1,1,9386,0,30,1,2
9293,19,3,233779,6,10,1,6,4,1,1,0,0,60,1,1
9324,63,3,186809,1,13,2,2,2,1,1,0,0,30,1,2
9340,40,3,84232,2,9,1,5,1,1,2,0,0,4,1,1
9342,69,2,28197,2,9,2,9,2,1,1,0,0,60,1,2
9351,64,3,193575,3,7,1,7,5,1,1,0,0,40,1,1
9353,18,3,85154,16,8,1,6,4,3,2,0,0,24,12,1
9358,18,3,97318,2,9,1,6,4,1,2,0,0,35,1,1
9367,17,3,406920,13,6,1,5,4,1,1,0,0,40,1,1
9409,22,3,57827,6,10,1,7,4,1,1,0,0,40,1,1
9452,19,3,57329,6,10,1,1,4,1,2,0,0,30,30,1
9477,19,3,369527,6,10,1,1,4,1,2,0,0,40,1,1
9484,48,3,266337,2,9,2,7,2,1,1,0,0,40,1,1
9490,18,3,264924,6,10,1,1,4,1,2,0,0,40,1,1
9500,27,3,180553,2,9,2,1,3,1,2,0,0,40,1,2
9531,65,3,273569,2,9,7,8,5,1,1,0,0,40,1,1
9536,52,3,105428,6,10,2,2,2,1,1,0,0,12,1,1
9549,69,3,476653,1,13,2,2,2,1,1,0,0,20,1,1
9557,38,3,129150,13,6,5,7,4,1,1,0,0,35,1,1
9577,35,3,119006,2,9,7,1,4,1,2,0,0,38,1,1
9582,48,7,184513,1,13,2,6,2,1,1,0,0,80,1,2
9626,52,3,115209,11,15,4,4,5,3,2,0,0,40,38,1
9650,69,3,167826,1,13,2,2,2,1,1,0,0,40,1,1
9703,55,3,52267,4,14,2,4,2,1,1,0,0,18,1,1
9708,19,3,128453,2,9,1,5,4,1,2,0,0,28,1,1
9712,30,3,157289,3,7,1,7,5,1,1,0,0,40,1,1
9778,67,3,243256,5,5,2,5,2,1,1,0,0,15,1,1
9787,49,3,174702,6,10,1,5,1,1,1,0,0,35,1,1
9860,20,3,144685,6,10,1,1,4,3,2,0,1602,40,22,1
9872,63,3,68954,2,9,7,5,1,2,2,0,0,11,1,1
9885,68,3,76371,2,9,2,9,2,1,1,0,0,35,1,1
9907,68,3,117542,2,9,2,6,2,1,1,1409,0,15,1,1
9926,73,3,90557,3,7,2,6,2,1,1,0,0,8,1,1
9927,18,3,271935,3,7,1,5,6,1,2,0,0,20,1,1
9938,36,3,36635,6,10,1,5,5,1,2,0,0,25,1,1
9987,67,3,274451,9,4,2,8,2,1,1,0,0,40,1,1
10013,70,3,28471,5,5,7,5,5,1,2,0,0,25,1,1
10015,74,3,272667,7,12,7,1,1,1,2,0,0,20,1,1
10016,23,3,194031,6,10,1,5,1,1,2,0,0,25,1,1
10035,61,3,135285,2,9,2,6,2,1,1,0,2603,32,1,1
10056,18,3,79990,3,7,1,5,4,1,1,0,0,35,1,1
10064,23,3,164574,7,12,1,1,4,1,1,0,0,40,1,1
10094,19,3,167428,6,10,1,5,4,1,1,0,0,40,1,1
10098,51,3,203015,2,9,2,7,2,1,1,0,0,40,1,1
10102,61,3,179761,2,9,2,7,2,1,1,0,0,40,1,2
10110,19,3,400356,6,10,1,1,4,1,1,0,0,40,1,1
10117,20,3,173945,3,7,2,5,6,1,2,0,0,39,1,1
10126,19,3,48393,6,10,1,9,4,1,1,0,0,84,1,1
10139,77,3,152900,12,3,2,8,2,1,1,0,0,20,1,1
10143,35,3,164866,13,6,3,8,1,1,1,0,0,99,1,1
10161,18,3,331511,6,10,1,5,4,1,1,0,0,30,1,1
10222,18,3,137363,6,10,1,6,4,1,2,0,0,30,1,1
10232,21,3,207988,2,9,2,5,6,1,2,0,0,35,1,1
10253,17,3,210547,13,6,1,5,4,1,1,0,0,40,1,1
10328,70,2,172652,4,14,2,4,2,1,1,0,0,8,1,1
10342,61,3,160625,1,13,2,6,2,1,1,4386,0,15,1,2
10361,19,3,220517,6,10,1,5,4,1,2,0,0,35,1,1
10411,67,3,192916,2,9,2,3,2,1,1,3818,0,11,1,1
10425,60,3,230165,1,13,2,2,2,2,1,0,0,40,1,1
10437,63,2,447079,2,9,1,6,1,1,1,0,0,15,1,1
10440,19,3,252292,2,9,1,3,4,1,1,0,0,40,1,1
10460,58,3,210031,2,9,3,7,5,1,1,0,0,40,1,1
10475,19,3,105460,6,10,1,5,4,1,1,0,0,20,10,1
10485,18,3,255282,3,7,1,3,4,2,1,0,1602,48,1,1
10486,20,3,346341,6,10,1,5,1,1,2,0,0,35,1,1
10539,22,3,289984,6,10,1,1,1,2,2,0,0,25,1,1
10546,78,2,33186,9,4,2,9,2,1,1,0,0,60,1,1
10570,21,3,188535,6,10,1,1,4,1,1,0,0,40,1,1
10581,24,3,203076,2,9,2,7,2,1,1,0,0,40,1,1
10673,71,2,35303,1,13,2,2,2,1,1,9386,0,30,1,2
10679,18,3,340117,3,7,1,5,5,2,2,0,0,50,1,1
10681,57,3,334585,13,6,2,5,3,1,2,0,0,40,1,1
10683,46,3,443179,1,13,3,4,1,1,2,0,0,8,1,1
10684,64,3,239529,3,7,7,1,1,1,2,3674,0,35,1,1
10700,68,3,146645,10,16,2,4,2,1,1,20051,0,50,1,2
10704,24,3,247734,1,13,1,6,4,1,1,0,0,30,1,1
10709,77,2,143516,4,14,2,2,2,1,1,0,0,8,1,2
10715,70,3,97831,2,9,7,1,5,1,2,0,0,4,1,1
10718,35,3,144172,7,12,2,1,3,1,2,0,0,16,1,1
10745,76,2,135039,2,9,2,6,2,1,1,0,0,20,1,1
10746,35,3,317780,6,10,1,1,5,2,2,0,0,40,1,1
10784,28,3,223745,6,10,1,1,5,1,2,0,0,40,1,1
10805,25,3,34307,6,10,1,7,1,1,1,0,0,40,1,1
10820,39,3,201105,1,13,2,4,3,1,2,0,0,30,1,1
10828,68,3,53850,9,4,2,5,2,4,1,0,0,40,1,1
10837,49,3,202874,2,9,5,10,5,1,2,0,0,40,17,1
10856,22,3,354351,6,10,1,1,1,1,1,0,0,40,1,1
10881,28,3,147471,2,9,3,5,4,1,2,0,0,10,1,1
10931,28,3,167094,13,6,3,7,1,1,1,0,0,50,1,1
10932,18,3,216508,16,8,1,5,1,1,1,0,0,25,1,1
10955,43,3,396116,2,9,2,7,2,1,1,0,0,40,1,1
10959,20,3,293091,2,9,1,5,4,1,1,0,0,12,1,1
10995,20,3,114357,6,10,1,3,1,1,1,0,0,40,1,1
11001,23,3,329174,6,10,1,7,1,1,1,0,0,40,1,1
11027,61,3,232618,11,15,2,4,2,1,1,0,0,40,1,2
11039,55,3,487411,4,14,2,2,2,1,1,0,0,40,1,2
11046,23,3,141003,2,9,1,7,4,1,1,0,0,60,1,1
11056,49,3,558183,8,11,4,1,5,1,2,0,0,40,1,1
11059,72,3,177121,1,13,2,2,2,1,1,0,0,3,1,1
11085,28,3,80165,6,10,3,5,1,1,2,0,0,30,1,1
11087,69,3,111238,5,5,2,7,2,1,1,0,0,20,1,1
11099,79,2,165209,2,9,2,2,2,1,1,0,0,40,1,1
11158,18,3,173125,16,8,1,6,4,1,2,0,0,24,1,1
11159,33,3,316663,6,10,2,2,3,1,2,0,0,50,1,1
11164,20,3,236523,13,6,1,3,4,2,1,0,0,40,1,1
11192,47,3,109832,2,9,2,7,2,1,1,5178,0,30,11,2
11198,64,3,178724,2,9,2,1,3,1,2,0,0,20,1,1
11217,32,3,285131,7,12,1,5,5,1,1,0,0,20,1,1
11228,30,3,97281,6,10,5,6,1,1,1,0,0,60,1,1
11234,17,3,297117,3,7,1,6,4,1,2,0,0,40,1,1
11261,78,3,83511,9,4,2,10,2,1,1,0,0,40,24,1
11286,62,3,250091,1,13,3,6,1,1,1,0,0,5,1,1
11294,73,3,89852,14,2,2,10,2,1,1,0,0,40,24,1
11316,65,3,79272,6,10,7,1,1,3,2,0,0,6,1,1
11328,19,3,541282,6,10,1,5,4,1,1,0,0,40,1,1
11334,59,3,188070,4,14,2,4,2,1,1,0,0,35,1,2
11340,30,3,288419,12,3,2,10,2,1,1,0,0,40,6,1
11346,50,3,260579,2,9,2,10,2,2,1,0,0,40,1,1
11355,73,3,84053,2,9,7,5,1,1,2,0,0,15,1,1
11391,58,3,147653,6,10,2,1,3,1,2,0,0,36,1,1
11413,17,3,237078,3,7,1,6,4,1,2,0,0,35,1,1
11421,31,3,37030,7,12,1,5,4,1,2,0,0,25,1,1
11430,31,3,82473,5,5,3,5,1,1,2,0,0,25,1,1
11460,22,3,186452,6,10,1,6,4,1,1,0,0,36,1,1
11474,54,3,156877,2,9,3,5,1,1,1,0,0,20,1,1
11484,69,3,182668,2,9,2,2,2,1,1,0,0,45,1,2
11500,22,3,263970,6,10,1,1,1,1,2,0,0,28,1,1
11516,18,3,179484,16,8,1,3,4,5,1,0,0,40,1,1
11526,18,3,28357,6,10,1,5,4,1,2,0,0,20,1,1
11532,79,2,142370,11,15,2,4,2,1,1,0,0,10,1,1
11544,30,3,156890,13,6,3,7,5,1,1,0,0,40,1,1
11550,21,3,355686,2,9,1,1,4,1,2,0,0,10,1,1
11573,23,3,232512,2,9,5,1,4,1,2,0,0,40,1,1
11578,41,2,27187,8,11,2,9,2,1,1,0,2415,12,1,2
11580,71,2,100820,2,9,2,6,2,1,1,0,2489,15,1,1
11591,27,3,157624,2,9,5,1,6,1,2,0,0,40,1,1
11621,58,3,347692,3,7,3,5,1,2,1,0,0,15,1,1
11658,19,3,318264,6,10,1,5,4,1,1,0,0,30,1,1
11688,67,3,74335,2,9,7,1,1,1,2,0,0,10,12,1
11691,37,3,87369,5,5,3,5,5,1,2,0,0,40,1,1
11713,24,3,169624,2,9,3,5,5,2,2,0,0,37,1,1
11731,90,3,39824,2,9,7,2,1,1,1,401,0,4,1,1
11732,76,3,312500,12,3,7,5,5,1,2,0,0,40,1,1
11734,65,3,293385,15,1,2,5,2,2,1,0,0,30,1,1
11768,35,3,257250,2,9,1,7,4,1,1,0,0,40,1,1
11770,78,3,135839,2,9,7,1,1,1,2,1086,0,20,1,1
11773,61,3,222395,2,9,2,7,2,1,1,0,0,40,1,1
11793,54,3,133963,2,9,7,1,4,1,2,0,0,40,1,1
11851,25,3,34161,16,8,5,5,5,1,2,0,0,30,1,1
11864,21,3,405684,2,9,1,5,6,1,1,0,0,35,6,1
11938,20,3,114969,2,9,1,3,4,1,1,0,0,40,1,1
12007,36,3,186815,4,14,2,4,2,1,1,0,0,50,1,1
12008,26,3,132749,1,13,1,4,1,1,2,0,0,80,1,1
12020,22,3,196280,6,10,1,6,4,1,2,0,0,20,1,1
12029,52,3,108211,9,4,2,7,2,1,1,0,0,40,1,1
12068,18,3,137363,6,10,1,5,4,1,2,0,0,4,1,1
12093,24,2,151153,6,10,1,6,1,3,1,99999,0,50,7,2
12098,35,3,120074,2,9,2,7,2,1,1,0,0,30,1,1
12130,55,3,449576,12,3,2,9,2,1,1,0,0,48,6,1
12153,31,3,505438,2,9,2,10,2,1,1,0,0,30,6,1
12161,20,3,40060,6,10,1,3,4,1,1,0,0,56,1,1
12175,21,3,479482,6,10,1,1,4,1,2,0,0,40,1,1
12198,18,3,343161,3,7,1,5,4,1,1,0,0,16,1,1
12213,26,3,39640,6,10,1,6,1,1,1,0,0,60,1,1
12214,50,3,346014,9,4,5,5,4,1,2,0,0,20,1,1
12218,21,3,199915,6,10,1,5,4,1,2,0,0,35,1,1
12253,20,3,229843,6,10,1,1,1,2,2,0,0,20,1,1
12299,60,2,56248,2,9,2,9,2,1,1,0,1485,70,1,2
12326,59,3,254765,6,10,2,2,2,1,1,0,0,40,1,2
12334,62,3,144583,2,9,2,7,2,1,1,0,0,40,1,1
12351,22,3,34616,6,10,1,5,4,1,2,0,0,20,1,1
12373,17,3,144114,13,6,1,5,4,1,1,0,0,40,1,1
12377,21,3,262241,2,9,1,7,6,1,1,0,0,40,1,1
12405,18,3,236090,2,9,1,1,4,1,2,0,0,40,1,1
12411,25,3,32276,1,13,2,2,2,1,1,0,0,40,1,1
12428,55,3,216941,2,9,2,1,3,1,2,2885,0,40,1,1
12438,28,3,173800,1,13,4,4,1,3,2,0,0,10,22,1
12451,90,3,225063,6,10,1,4,4,3,1,0,0,10,7,1
12491,19,3,220517,6,10,1,5,4,1,2,0,0,15,1,1
12492,82,2,52921,6,10,7,2,1,4,1,0,0,3,1,1
12543,43,3,200508,1,13,2,4,2,1,1,0,0,40,1,1
12553,35,3,124836,6,10,3,1,1,4,2,0,0,36,1,1
12589,65,3,143118,2,9,7,1,5,1,2,0,2206,10,1,1
12609,18,3,152641,13,6,1,9,4,1,1,0,0,40,1,1
12627,62,3,266037,6,10,2,6,2,1,1,0,0,40,1,1
12651,25,3,344719,2,9,2,5,3,1,2,0,0,4,1,1
12667,20,3,230955,16,8,1,5,1,2,2,0,0,35,1,1
12784,18,3,36348,6,10,1,6,4,1,1,0,0,48,1,1
12794,24,3,119156,1,13,1,2,4,1,1,0,0,40,1,1
12849,33,3,335625,6,10,3,1,1,1,2,0,0,40,1,1
12853,37,3,148266,11,15,2,4,2,1,1,0,0,6,6,1
12858,20,3,150084,2,9,1,5,4,1,1,0,0,25,1,1
12908,65,3,299494,3,7,2,9,2,1,1,1797,0,40,1,1
12918,61,2,198686,7,12,2,4,2,1,1,0,0,2,1,2
12919,67,3,190340,3,7,2,8,2,1,1,0,0,40,1,1
12936,69,3,163595,2,9,7,1,1,1,2,0,0,20,1,1
12981,17,3,262196,13,6,1,5,4,1,1,0,0,8,1,1
12991,76,3,79445,13,6,2,9,2,1,1,1173,0,40,1,1
13025,84,3,368925,12,3,7,5,1,1,1,0,0,15,1,1
13026,79,2,100881,7,12,2,2,3,1,2,0,0,2,1,2
13042,71,3,144872,6,10,2,2,2,1,1,6514,0,40,1,2
13043,17,3,275778,5,5,1,5,4,1,2,0,0,25,6,1
13065,49,3,228372,6,10,2,4,2,1,1,0,0,20,1,2
13069,23,3,302836,7,12,2,7,2,1,1,0,0,40,26,1
13074,62,3,123612,1,13,2,2,2,1,1,0,0,4,1,1
13095,42,3,321086,4,14,2,4,2,1,1,0,0,50,1,1
13110,22,3,195143,6,10,1,5,4,1,2,0,0,29,1,1
13153,26,3,321629,2,9,1,1,5,1,2,0,0,16,1,1
13161,65,3,137354,6,10,2,1,2,3,1,0,0,20,1,1
13177,20,3,58740,6,10,1,5,4,1,1,0,0,15,1,1
13181,71,3,125101,8,11,7,1,1,1,2,0,0,40,1,1
13182,62,3,197286,2,9,2,7,2,1,1,0,0,40,1,1
13203,63,2,334741,2,9,2,9,2,1,1,0,0,20,1,1
13234,68,2,407338,6,10,2,6,2,1,1,0,0,20,1,1
13290,61,2,166855,1,13,2,2,2,1,1,0,0,10,1,1
13302,27,3,175552,12,3,2,10,3,1,2,0,0,40,6,1
13321,54,3,31588,2,9,2,7,2,1,1,2635,0,40,1,1
13347,38,3,177273,2,9,2,5,3,1,2,0,0,35,1,1
13365,18,3,171748,6,10,1,6,4,2,2,0,0,24,1,1
13370,38,3,70282,4,14,2,4,3,2,2,15024,0,2,1,2
13384,63,2,46907,1,13,2,4,2,1,1,0,0,8,1,2
13447,18,3,184101,6,10,1,5,4,1,1,0,0,25,1,1
13493,64,3,193043,2,9,2,7,2,1,1,0,0,40,1,1
13498,63,2,247986,11,15,2,4,2,1,1,0,0,30,1,2
13504,51,3,157327,12,3,2,3,2,2,1,0,0,8,1,1
13515,34,3,267352,3,7,1,7,1,1,1,0,0,30,1,1
13525,19,3,112780,6,10,1,5,4,1,2,0,0,30,1,1
13534,50,3,87263,2,9,2,2,2,1,1,0,0,55,1,2
13552,19,3,117444,2,9,1,5,4,1,1,0,0,30,1,1
13556,32,3,227160,6,10,3,7,1,1,1,0,0,40,1,1
13569,19,3,291509,16,8,1,3,4,1,1,0,0,28,1,1
13586,18,3,284450,3,7,1,5,4,1,1,0,0,25,1,1
13608,27,3,162104,5,5,1,10,4,1,2,0,0,40,1,1
13626,21,3,270043,13,6,1,5,5,1,2,0,0,30,1,1
13646,62,3,129246,2,9,2,7,2,1,1,0,0,40,1,1
13711,56,3,154537,6,10,3,2,5,1,2,0,0,50,1,2
13744,25,3,104614,3,7,1,5,5,1,2,0,0,40,1,1
13784,73,2,191394,11,15,2,4,2,1,1,0,0,40,1,1
13815,33,3,186824,6,10,1,7,4,1,1,0,0,40,1,1
13843,45,3,112453,2,9,5,7,1,3,1,0,0,4,1,1
13845,65,3,105017,1,13,2,2,2,1,1,0,0,40,1,1
13884,70,2,26990,2,9,2,9,2,1,1,0,0,60,1,1
13933,23,3,226891,2,9,1,6,6,3,2,0,0,20,7,1
13949,66,3,260111,6,10,2,2,2,1,1,0,0,40,1,2
14005,76,3,164835,2,9,7,1,1,1,2,0,0,25,1,1
14053,39,3,180868,3,7,1,5,1,2,2,0,0,40,1,1
14067,20,3,326624,2,9,1,1,4,1,2,0,0,40,1,1
14108,19,3,175495,2,9,1,5,4,2,2,0,0,24,1,1
14118,57,2,403625,6,10,2,2,2,3,1,0,0,60,1,2
14123,41,3,339682,12,3,2,10,2,1,1,0,0,40,6,1
14151,33,3,98145,6,10,3,5,5,4,1,0,0,30,1,1
14178,71,3,229424,2,9,7,1,1,1,2,0,0,40,1,1
14203,21,3,163911,6,10,1,4,4,1,2,0,0,3,1,1
14213,28,3,268222,3,7,1,5,1,2,2,0,0,40,1,1
14217,53,3,199665,1,13,2,2,2,1,1,0,0,30,1,2
14254,21,3,207782,6,10,1,5,4,1,1,0,0,30,1,1
14255,68,3,103161,2,9,7,6,1,1,1,0,0,32,1,1
14280,21,3,145964,6,10,1,5,4,1,1,0,0,40,1,1
14330,67,2,129188,10,16,2,4,2,1,1,20051,0,5,1,2
14344,19,3,242001,6,10,1,1,4,1,2,0,0,40,1,1
14348,29,3,19793,6,10,3,1,5,1,2,0,0,8,1,1
14360,24,3,26671,2,9,1,1,6,4,2,0,0,40,1,1
14363,23,3,55492,8,11,1,4,1,4,2,0,0,30,1,1
14370,22,3,189203,7,12,1,5,6,1,1,0,0,15,1,1
14398,21,3,171156,6,10,1,5,1,1,2,0,0,35,1,1
14418,74,3,256674,2,9,7,5,1,1,2,0,0,25,1,1
14430,21,3,206681,3,7,2,10,3,1,2,0,0,40,1,1
14441,18,3,216508,2,9,1,5,4,1,1,0,0,30,1,1
14499,28,3,196971,1,13,1,4,1,1,2,0,0,43,1,1
14534,21,3,247075,2,9,1,5,5,2,2,0,0,25,1,1
14535,20,3,200967,6,10,1,1,4,1,2,0,0,12,1,1
14536,51,3,175985,2,9,2,7,2,1,1,0,0,40,1,1
14541,20,3,43587,2,9,4,5,1,1,2,0,0,35,1,1
14548,24,3,212300,2,9,5,1,1,1,2,0,0,38,1,1
14571,66,3,188842,1,13,2,6,2,1,1,0,0,24,1,1
14574,68,3,191288,9,4,7,5,1,1,2,0,0,15,1,1
14578,26,3,133373,1,13,1,6,4,1,1,0,0,44,1,1
14602,53,3,133963,2,9,3,1,1,1,2,0,0,40,1,1
14618,38,3,203482,9,4,2,7,2,1,1,0,0,45,1,1
14646,19,3,425447,2,9,1,1,5,2,2,0,0,40,1,1
14672,41,3,217921,5,5,2,10,3,3,2,0,0,40,39,1
14688,17,3,303317,3,7,1,5,4,1,1,0,0,40,1,1
14692,20,3,232799,2,9,1,6,4,2,2,0,0,25,1,1
14717,63,3,110150,2,9,2,2,2,1,1,0,0,55,1,2
14718,55,3,123382,2,9,5,5,1,2,2,0,2001,40,1,1
14725,65,3,249043,1,13,2,2,2,1,1,10605,0,40,1,2
14742,31,3,163890,6,10,1,1,5,2,2,0,0,40,1,1
14746,25,3,47011,1,13,1,4,4,1,1,0,0,20,1,1
14859,45,3,27184,2,9,7,1,5,1,2,0,0,38,1,1
14860,72,3,237229,8,11,7,5,1,1,2,0,0,30,1,1
14870,70,3,147558,1,13,3,1,1,1,2,0,0,7,1,1
14887,58,3,158506,3,7,2,8,2,1,1,0,0,16,1,1
14911,67,3,188903,9,4,2,10,2,1,1,2414,0,40,1,1
14939,20,3,424034,6,10,1,5,4,1,1,0,0,15,1,1
14945,23,3,27415,3,7,1,3,4,4,1,0,0,40,1,1
14980,29,3,189765,12,3,2,10,3,1,2,0,0,40,1,1
14982,66,3,222810,6,10,3,1,6,1,2,0,0,35,1,1
15012,70,3,336007,12,3,2,3,2,1,1,0,0,20,1,1
15022,29,3,112963,6,10,2,1,3,1,2,0,0,40,1,1
15033,19,3,211553,6,10,1,6,4,1,2,0,0,35,1,1
15064,20,3,210781,6,10,1,1,4,1,2,0,0,10,1,1
15069,23,3,62507,6,10,1,1,1,1,2,0,0,12,1,1
15130,47,3,178013,13,6,2,5,3,1,2,0,0,20,2,1
15176,74,3,292627,14,2,2,5,2,2,1,0,0,40,1,1
15192,30,3,159303,1,13,2,4,3,1,2,0,0,4,1,1
15220,62,3,232719,4,14,2,4,2,1,1,0,0,50,1,1
15238,73,3,243030,1,13,2,4,2,1,1,0,0,30,1,1
15256,74,3,29887,2,9,7,5,1,1,2,0,0,10,1,1
15266,18,3,234648,3,7,1,5,4,2,1,0,0,15,1,1
15286,70,3,230816,8,11,1,5,1,1,1,0,0,30,1,1
15292,22,3,283510,2,9,1,8,5,2,1,0,0,45,1,1
15309,67,3,92061,2,9,7,1,6,1,2,0,0,8,1,1
15310,19,3,109938,3,7,2,10,3,3,2,0,0,40,21,1
15350,17,3,634226,13,6,1,6,4,1,2,0,0,17,1,1
15414,18,3,128538,2,9,1,6,4,1,2,0,0,20,1,1
15424,63,3,321403,5,5,5,5,1,2,1,0,0,40,1,1
15426,34,3,286689,4,14,1,4,1,1,1,4650,0,30,1,1
15464,22,3,244771,3,7,5,5,5,2,2,0,0,40,1,1
15471,66,3,306178,13,6,3,3,1,1,1,2050,0,40,1,1
15476,20,3,371089,2,9,1,1,4,1,2,0,0,40,1,1
15484,36,3,370585,2,9,2,10,2,2,1,0,0,40,1,1
15499,23,3,169104,7,12,1,1,4,3,1,0,0,16,14,1
15523,20,3,84375,2,9,2,6,3,1,2,0,0,45,1,1
15532,54,3,410114,2,9,2,7,2,1,1,0,0,40,1,1
15542,17,3,112942,13,6,1,5,4,1,1,0,0,40,1,1
15547,32,3,251612,12,3,1,5,5,1,2,0,0,45,6,1
15579,61,3,116230,1,13,2,2,2,1,1,0,0,40,1,2
15580,42,3,167678,3,7,2,8,2,1,1,0,0,22,20,1
15584,33,3,160776,8,11,3,11,1,1,2,0,0,40,27,1
15596,68,3,123464,2,9,2,6,2,1,1,0,0,45,1,1
15598,63,3,179981,2,9,2,7,2,1,1,0,0,4,1,1
15616,31,3,251167,2,9,2,5,3,1,2,0,0,30,6,1
15643,72,3,75890,6,10,7,1,5,3,2,0,0,4,1,1
15674,37,3,102541,8,11,2,1,3,4,2,0,0,40,1,1
15685,21,3,107801,6,10,1,4,4,1,2,0,0,6,1,1
15696,18,3,151463,3,7,1,5,6,1,1,0,0,7,1,1
15743,19,3,131982,6,10,1,3,4,1,1,0,0,40,1,1
15773,63,3,156799,2,9,7,5,1,1,2,0,0,4,1,1
15778,27,3,182386,3,7,3,5,5,1,2,0,0,35,1,1
15782,18,3,171088,6,10,1,6,4,1,2,0,0,40,1,1
15846,66,3,270460,9,4,3,8,1,1,1,0,0,40,1,1
15860,62,3,160155,9,4,2,10,2,1,1,6418,0,40,1,2
15871,43,3,82077,6,10,3,1,5,3,2,0,0,40,1,1
15911,24,3,144898,6,10,1,7,5,1,1,0,0,40,1,1
15960,65,3,198019,2,9,7,1,1,1,2,0,0,35,1,1
15999,21,3,199177,2,9,1,1,1,1,2,0,0,40,1,1
16004,64,3,159938,2,9,3,7,1,1,1,8614,0,40,1,2
16019,41,3,254630,8,11,3,2,1,1,1,0,0,80,1,1
16063,65,3,200749,2,9,2,6,2,1,1,0,0,25,1,1
16065,23,3,154921,12,3,1,3,1,1,1,0,0,50,1,1
16082,28,3,203260,1,13,1,4,1,1,1,0,0,8,1,1
16103,69,3,248248,14,2,2,5,2,3,1,0,0,34,14,1
16117,62,3,55621,6,10,2,7,2,2,1,0,0,35,1,2
16123,20,3,133061,5,5,1,3,4,1,1,0,0,40,1,1
16130,20,3,369678,2,9,1,3,1,5,1,0,0,43,1,1
16136,69,3,159077,3,7,2,10,2,1,1,0,0,48,1,1
16146,19,3,134974,6,10,1,5,4,1,2,0,0,20,1,1
16151,46,3,202560,2,9,2,1,3,1,2,0,0,40,1,2
16155,21,3,41356,6,10,1,5,4,1,2,0,0,35,1,1
16173,19,3,129586,6,10,1,5,4,1,1,0,0,40,1,1
16179,19,3,119234,6,10,1,1,6,1,2,0,0,15,1,1
16185,23,3,218415,6,10,1,1,4,1,2,0,0,10,1,1
16196,57,3,366563,6,10,3,1,1,1,2,0,0,40,1,1
16212,26,3,130832,1,13,1,4,5,1,2,0,0,10,1,1
16221,21,3,262062,6,10,1,1,4,1,2,0,0,40,1,1
16292,34,3,177304,13,6,3,7,1,1,1,0,0,40,17,1
16294,34,2,205256,2,9,2,8,2,1,1,2885,0,80,1,1
16346,22,3,214238,9,4,1,10,5,1,2,0,0,40,6,1
16379,20,3,347292,2,9,1,5,4,1,1,0,0,32,1,1
16382,17,3,148769,2,9,1,5,4,2,1,0,0,40,1,1
16399,18,3,28311,3,7,1,5,4,1,2,0,0,35,1,1
16404,51,3,172175,10,16,1,4,1,1,1,0,2824,40,1,2
16410,17,3,34088,16,8,1,5,4,1,2,0,0,25,1,1
16454,62,3,123992,2,9,2,7,2,1,1,0,0,40,1,1
16456,46,3,37672,2,9,3,5,1,1,2,0,0,15,1,1
16490,72,3,173427,2,9,2,5,2,1,1,0,0,40,2,1
16515,24,3,33339,6,10,1,5,4,1,1,0,0,20,1,1
16523,79,7,163140,2,9,2,2,2,1,1,0,0,40,1,2
16535,26,3,131777,1,13,2,4,2,1,1,0,2002,40,1,1
16566,23,3,146399,1,13,1,4,1,1,1,0,0,55,1,1
16583,21,3,162160,6,10,1,1,4,3,1,0,0,40,22,1
16595,28,3,205562,4,14,1,4,1,2,2,0,0,40,1,1
16602,68,3,65730,2,9,2,9,2,1,1,0,0,25,1,1
16642,18,3,195981,2,9,7,7,4,1,1,0,0,40,1,1
16659,20,3,211968,6,10,1,1,4,1,2,0,0,45,1,1
16679,20,3,34321,6,10,1,5,4,1,2,0,0,30,1,1
16725,20,3,163911,6,10,1,1,4,1,2,0,0,40,1,1
16731,36,3,28160,2,9,3,5,1,1,2,0,0,40,1,1
16743,17,3,181337,13,6,1,6,4,5,2,0,0,20,1,1
16748,36,3,139770,6,10,3,1,4,1,2,0,0,32,1,1
16750,38,3,338212,6,10,2,1,3,1,2,0,0,20,1,1
16755,38,3,181705,2,9,2,7,2,1,1,0,0,24,1,1
16760,18,3,266287,6,10,1,6,4,1,2,0,0,25,1,1
16762,81,3,89015,2,9,2,2,2,1,1,0,0,18,1,1
16794,18,3,256179,6,10,1,5,4,1,1,594,0,10,1,1
16798,51,3,146325,2,9,2,7,2,1,1,0,0,28,1,1
16802,26,3,221626,1,13,2,4,3,1,2,0,0,40,1,1
16810,31,3,85077,1,13,2,4,3,1,2,0,1902,20,1,2
16817,66,3,206560,2,9,7,1,1,5,2,0,0,35,8,1
16827,23,3,381741,7,12,1,5,4,1,1,0,1721,20,1,1
16835,73,3,84390,8,11,4,5,1,1,2,0,0,32,1,1
16878,30,3,197827,6,10,2,7,2,1,1,0,0,40,1,1
16907,21,3,123727,6,10,1,5,1,1,2,0,0,28,1,1
16966,47,3,34458,9,4,2,5,2,1,1,0,0,10,1,1
16978,44,3,136419,13,6,2,7,2,1,1,0,0,40,1,1
16984,75,3,248833,2,9,6,1,3,1,2,2653,0,14,1,1
17015,72,3,289930,1,13,5,4,1,1,2,991,0,7,1,1
17030,20,3,117789,6,10,1,1,4,1,2,0,0,40,1,1
17039,20,3,273701,6,10,1,4,6,2,1,34095,0,10,1,1
17096,25,3,12285,6,10,1,1,1,4,2,0,0,20,1,1
17098,49,3,189885,2,9,7,5,1,2,2,0,0,40,1,1
17132,66,3,99888,8,11,7,1,1,1,2,0,0,40,1,1
17168,63,3,64448,2,9,2,7,2,1,1,0,0,40,1,1
17209,53,3,123011,2,9,2,7,2,1,1,0,0,40,1,2
17247,19,3,32477,6,10,1,5,4,1,1,0,0,25,1,1
17279,32,3,335427,1,13,2,4,3,1,2,0,0,20,1,2
17299,75,2,36243,10,16,1,4,1,1,1,0,0,40,1,1
17314,76,3,84755,6,10,7,1,5,1,2,0,0,40,1,1
17321,26,3,431861,13,6,5,7,1,1,1,0,0,40,1,1
17326,33,3,49593,6,10,2,1,3,2,2,0,0,30,1,1
17347,48,3,167381,2,9,7,5,5,1,2,0,0,25,1,1
17391,21,3,85733,6,10,1,1,4,1,2,0,0,40,1,1
17412,33,3,152875,1,13,2,2,3,3,2,0,0,40,29,1
17414,49,3,178215,6,10,7,1,5,1,2,0,0,28,1,1
17462,63,3,331527,2,9,2,9,2,1,1,0,0,14,1,1
17470,19,3,37085,6,10,1,5,4,1,2,0,0,30,1,1
17505,78,3,91534,1,13,2,2,2,1,1,0,0,3,1,1
17531,21,3,121694,9,4,1,7,4,1,1,0,0,40,1,1
17537,25,3,239120,1,13,1,4,1,1,1,0,0,13,1,1
17587,57,3,296516,6,10,2,6,2,1,1,0,0,50,1,1
17594,52,3,294691,2,9,2,7,2,1,1,0,0,40,1,1
17635,41,3,29115,6,10,7,5,1,1,2,0,0,20,1,1
17643,20,3,238685,3,7,3,6,1,1,2,0,0,40,1,1
17644,61,2,139391,6,10,2,2,2,1,1,99999,0,30,1,2
17648,27,3,216479,1,13,2,4,3,1,2,0,0,24,1,2
17708,46,3,206357,12,3,2,10,3,1,2,0,0,40,6,1
17710,48,3,184682,2,9,1,5,4,1,2,0,0,18,1,1
17717,30,3,33811,1,13,2,4,3,5,2,0,0,40,22,2
17723,18,3,115258,3,7,1,5,4,1,1,0,0,12,1,1
17725,65,3,117963,2,9,2,7,2,1,1,0,0,45,1,1
17750,24,3,376474,2,9,2,7,2,1,1,0,0,40,1,1
17752,32,3,143699,6,10,1,1,5,1,2,0,0,40,1,1
17757,48,3,175653,7,12,3,1,1,1,2,14084,0,40,1,2
17762,18,3,118847,2,9,1,6,4,1,2,0,0,24,1,1
17773,47,3,109921,2,9,5,5,5,2,2,0,0,32,1,1
17790,44,3,109912,1,13,2,4,3,1,2,0,0,16,1,2
17811,26,3,176967,3,7,1,5,1,1,2,0,0,65,1,1
17837,62,3,54878,2,9,7,5,1,1,2,0,0,25,1,1
17876,64,2,45817,5,5,2,9,2,1,1,0,0,50,1,1
17882,50,3,281504,6,10,2,7,2,1,1,0,0,40,1,1
17902,67,3,63552,9,4,7,5,1,1,2,0,0,35,1,1
17905,66,3,37331,2,9,2,9,2,1,1,0,0,15,1,1
18008,71,3,128529,2,9,7,1,1,1,2,0,0,20,1,1
18010,46,3,148489,2,9,4,10,1,3,1,0,0,40,14,1
18019,17,3,104025,3,7,1,3,4,1,1,0,0,18,1,1
18036,43,3,152569,8,11,7,11,1,1,2,0,2339,36,1,1
18056,21,3,278391,6,10,1,5,4,1,1,0,0,16,1,1
18094,20,3,41035,6,10,1,5,4,1,1,0,0,20,1,1
18161,51,3,130667,2,9,5,10,1,2,1,0,0,6,1,1
18164,36,3,128640,6,10,2,5,3,1,2,0,0,25,1,1
18181,36,3,214896,5,5,3,5,5,1,2,0,0,40,6,1
18194,59,3,556688,5,5,3,5,1,1,2,0,0,12,1,1
18201,72,3,114761,9,4,7,5,5,1,2,0,0,20,1,1
18217,32,3,30499,1,13,3,4,5,1,2,0,0,32,1,1
18218,34,3,166545,6,10,2,4,3,1,2,7688,0,6,1,2
18232,67,2,37092,9,4,2,7,2,1,1,0,0,4,1,1
18236,32,3,143162,13,6,2,10,3,1,2,0,0,40,1,1
18244,22,3,31102,6,10,1,4,4,3,2,0,0,4,7,1
18257,28,3,424884,13,6,5,5,1,1,1,0,0,30,1,1
18259,19,3,46400,6,10,1,5,1,1,2,0,0,24,1,1
18294,19,3,46400,6,10,1,5,1,1,2,0,0,32,1,1
18322,31,3,233371,2,9,2,1,3,2,2,0,0,45,1,1
18331,62,2,337721,2,9,2,6,2,1,1,0,0,8,1,1
18337,30,3,159589,4,14,2,4,2,1,1,0,0,46,1,2
18342,62,3,176753,2,9,2,7,2,1,1,0,0,40,1,1
18356,22,3,77873,5,5,1,7,1,1,1,0,0,30,1,1
18358,72,3,194548,6,10,4,2,1,1,1,0,0,3,1,1
18362,22,3,287988,6,10,1,5,1,1,1,0,0,15,1,1
18384,40,3,224361,5,5,3,15,5,1,2,0,0,5,2,1
18386,66,3,196736,14,2,1,3,1,2,1,0,0,30,1,1
18409,69,2,254834,1,13,2,2,2,1,1,10605,0,10,1,2
18466,64,3,257790,2,9,3,1,5,1,2,0,0,38,1,1
18470,17,3,86786,13,6,1,5,4,1,2,0,0,40,1,1
18496,57,3,176897,2,9,2,7,2,1,1,0,0,60,1,1
18534,65,3,178931,2,9,2,7,2,4,1,3818,0,40,1,1
18541,63,3,222289,1,13,2,2,2,1,1,7688,0,54,1,2
18560,80,2,172826,2,9,2,2,2,1,1,0,0,8,1,1
18564,30,3,147215,6,10,1,5,4,1,2,0,0,30,1,1
18577,42,3,109912,7,12,1,1,6,1,2,0,0,40,1,1
18599,28,3,389857,2,9,2,3,6,1,1,0,0,16,1,1
18600,33,3,192644,2,9,1,7,1,1,1,0,0,40,1,1
18604,29,3,108775,2,9,2,10,2,1,1,0,0,40,25,1
18622,70,3,118630,8,11,7,1,5,1,2,0,0,35,1,1
18655,21,3,170070,6,10,1,11,1,1,2,0,0,10,1,1
18720,60,3,41517,3,7,4,5,5,2,2,0,0,20,1,1
18730,65,3,315728,2,9,7,1,5,1,2,2329,0,75,1,1
18750,19,3,234519,6,10,1,5,4,1,1,0,0,35,1,1
18753,18,3,127388,6,10,1,1,4,1,2,0,0,40,1,1
18794,59,2,409842,4,14,2,4,2,1,1,0,0,20,1,1
18805,31,3,182191,1,13,2,4,3,1,2,4064,0,30,11,1
18846,33,3,102130,6,10,1,7,4,1,1,0,0,40,1,1
18912,24,3,412156,2,9,2,1,3,1,2,0,0,40,6,1
18923,48,3,151584,6,10,1,2,1,1,1,8614,0,60,1,2
18924,19,3,133983,6,10,1,5,4,1,2,0,0,20,1,1
18931,66,3,213477,9,4,3,7,1,1,1,0,0,10,1,1
18934,58,4,37591,1,13,7,4,1,1,2,0,0,40,1,1
18942,18,3,163085,2,9,5,5,4,1,1,0,0,20,1,1
18952,30,3,159159,6,10,2,5,3,1,2,0,0,30,1,1
18964,19,3,28967,6,10,1,5,1,1,1,0,0,40,1,1
18989,40,3,507086,2,9,3,5,1,2,2,0,0,32,1,1
18992,25,3,39901,1,13,2,4,2,1,1,0,0,60,1,1
19041,60,3,141580,2,9,2,2,2,1,1,0,0,50,1,2
19058,48,3,63466,2,9,4,5,5,1,2,0,0,32,1,1
19073,45,3,119835,9,4,3,8,1,4,1,0,0,48,1,1
19090,18,3,214989,6,10,1,6,4,1,2,0,1602,24,1,1
19133,69,3,323016,1,13,2,2,2,1,1,99999,0,40,1,2
19134,17,3,280670,13,6,1,5,4,1,2,0,0,40,1,1
19153,34,3,133278,16,8,5,5,5,2,2,0,0,53,1,1
19168,67,3,163726,12,3,2,9,2,1,1,0,0,49,1,1
19180,82,3,42435,13,6,7,8,1,1,1,0,0,20,1,1
19230,35,3,98989,5,5,3,7,4,4,1,0,0,38,1,1
19233,35,3,202683,1,13,1,4,1,1,1,0,0,40,1,1
19240,69,3,337720,2,9,2,3,2,1,1,0,0,24,1,1
19253,17,3,198797,3,7,1,5,4,1,1,0,0,20,32,1
19255,22,3,117618,1,13,1,4,1,1,1,0,0,25,1,1
19284,41,3,344572,2,9,3,1,5,1,2,0,0,40,1,1
19311,21,3,415913,6,10,1,7,4,1,1,0,0,40,1,1
19318,24,3,175069,1,13,1,6,1,1,1,0,0,50,1,1
19320,28,3,78388,13,6,1,5,4,1,2,0,0,38,1,1
19337,72,3,76860,2,9,2,2,2,3,1,0,0,1,1,1
19345,46,3,177305,8,11,2,1,3,2,2,0,0,35,1,2
19433,59,3,367984,1,13,2,4,2,1,1,0,0,40,1,1
19438,58,3,266792,6,10,2,6,2,1,1,99999,0,40,1,2
19455,23,3,263899,2,9,1,5,4,2,1,0,0,12,10,1
19461,19,3,258026,2,9,1,5,1,1,2,0,0,16,1,1
19462,64,3,211360,2,9,7,5,1,1,2,0,0,30,1,1
19492,76,2,191024,1,13,2,2,2,1,1,0,0,30,1,1
19509,27,1,173800,4,14,1,4,5,3,1,0,0,20,22,1
19544,54,3,185936,5,5,3,5,1,1,2,0,0,15,1,1
19546,28,3,113635,3,7,1,7,1,1,1,0,0,30,1,1
19548,54,3,172991,2,9,2,7,2,1,1,0,0,40,1,1
19561,29,3,256211,14,2,1,10,4,3,1,0,0,40,14,1
19616,40,2,170649,6,10,2,7,2,1,1,0,0,8,1,1
19620,64,3,50171,2,9,2,2,2,1,1,0,0,10,1,1
19657,49,3,52590,2,9,1,5,1,2,1,0,0,40,1,1
19706,22,3,255969,16,8,1,7,1,1,1,0,0,48,1,1
19708,70,3,346053,2,9,2,2,2,1,1,0,0,40,1,1
19764,22,3,228480,2,9,2,5,4,1,2,0,0,20,1,1
19775,17,3,161981,13,6,1,5,4,1,1,0,0,40,1,1
19786,47,3,83046,1,13,2,4,2,1,1,0,0,18,1,1
19788,17,3,170320,3,7,1,6,4,1,2,0,0,8,1,1
19812,49,3,407495,2,9,4,2,1,1,1,0,0,70,1,1
19814,61,3,226989,2,9,3,10,1,1,1,4865,0,40,1,1
19819,64,3,49194,3,7,2,5,2,1,1,0,0,30,1,1
19820,20,3,117618,6,10,1,3,4,1,1,0,0,40,1,1
19830,42,3,234277,2,9,4,7,1,1,1,0,0,35,1,1
19842,55,3,270228,7,12,2,7,2,2,1,7688,0,40,1,2
19857,29,3,153167,6,10,1,1,4,2,2,0,0,40,1,1
19889,38,3,273285,3,7,1,5,1,1,2,0,0,32,1,1
19896,42,5,212206,4,14,2,4,3,1,2,0,1887,48,1,2
19986,19,3,385901,6,10,1,5,4,1,1,0,0,22,1,1
20003,72,3,201375,7,12,7,1,1,1,2,0,0,40,1,1
20007,20,3,137876,6,10,1,3,4,1,1,0,0,40,1,1
20009,71,3,108390,6,10,2,6,2,1,1,3432,0,20,1,1
20017,64,3,338355,8,11,2,1,3,1,2,0,0,15,1,1
20023,43,3,35523,7,12,3,1,1,1,2,0,0,35,1,1
20029,22,3,34506,6,10,5,5,5,1,2,0,0,25,1,1
20031,60,3,116961,9,4,7,5,5,1,2,0,0,20,1,1
20038,49,3,296892,2,9,2,7,2,1,1,0,0,40,8,1
20064,23,3,191910,6,10,1,7,6,1,1,0,0,40,1,1
20068,24,3,114292,5,5,1,7,4,1,1,0,0,40,1,1
20072,65,3,76043,2,9,2,2,2,1,1,0,0,1,1,2
20094,21,3,228424,13,6,1,3,4,2,1,0,0,40,1,1
20099,21,3,314645,6,10,1,1,1,1,2,0,0,43,1,1
20105,70,2,410980,6,10,2,2,2,1,1,0,0,10,1,2
20159,64,3,108082,6,10,2,7,2,1,1,0,0,40,1,1
20161,20,3,304076,3,7,1,6,4,2,2,0,0,20,1,1
20187,18,3,31008,6,10,1,5,4,1,2,0,0,30,1,1
20191,33,3,173998,2,9,2,1,3,1,2,0,1485,38,1,1
20205,52,3,92968,4,14,2,4,3,1,2,15024,0,40,1,2
20227,40,3,65545,4,14,3,4,4,1,2,0,0,55,1,1
20266,25,3,335376,1,13,1,4,4,1,2,0,0,30,1,1
20269,34,3,93834,2,9,5,5,4,1,2,0,0,8,1,1
20271,41,3,206916,1,13,4,4,1,1,1,0,0,30,1,1
20291,21,3,228649,6,10,1,5,4,1,1,0,0,20,1,1
20302,20,3,150084,6,10,1,5,4,1,1,0,0,25,1,1
20314,23,3,296613,6,10,1,5,4,1,2,0,0,32,1,1
20321,65,3,149131,1,13,2,4,2,1,1,0,0,40,15,2
20396,41,3,77937,16,8,3,1,1,1,2,0,0,40,11,1
20399,60,4,41553,6,10,7,5,1,2,2,0,0,40,1,1
20434,70,3,207627,2,9,2,2,2,1,1,2228,0,24,1,1
20436,47,3,186805,2,9,2,5,1,1,2,0,0,35,1,1
20474,40,3,253370,2,9,2,1,3,1,2,0,0,35,1,2
20527,55,3,389479,4,14,2,2,2,1,1,0,0,50,1,2
20530,23,3,280134,2,9,1,3,4,1,1,0,0,40,1,1
20544,21,3,305466,6,10,1,9,4,1,1,0,0,70,1,1
20551,21,3,213055,6,10,1,1,5,5,2,0,0,40,1,1
20563,62,2,378239,4,14,2,4,2,1,1,0,0,2,1,2
20576,68,3,351402,10,16,2,4,2,1,1,0,0,70,1,1
20595,54,3,155755,2,9,3,5,1,1,2,4416,0,25,1,1
20608,72,3,166253,2,9,2,1,3,1,2,0,0,2,1,1
20612,18,3,189041,2,9,1,3,6,1,1,0,0,40,1,1
20646,19,3,117201,6,10,1,5,4,1,1,0,0,22,1,1
20656,48,3,174533,3,7,5,7,5,1,1,0,0,40,1,1
20664,77,3,158847,8,11,4,1,1,1,2,0,0,25,1,1
20686,42,3,32533,6,10,1,9,1,1,1,0,0,45,1,1
20724,62,3,302142,2,9,2,6,2,1,1,2961,0,30,1,1
20757,17,3,151141,13,6,1,5,4,1,1,0,0,30,1,1
20773,22,3,22966,6,10,2,4,2,1,1,0,0,6,1,1
20775,62,3,72486,2,9,2,5,2,3,1,0,0,24,29,1
20776,22,3,229997,6,10,4,1,5,2,2,0,0,40,1,1
20782,30,3,108464,6,10,2,7,2,1,1,0,0,40,1,1
20797,41,3,129155,3,7,7,5,6,2,2,0,0,40,1,1
20803,40,3,351161,4,14,2,4,2,1,1,0,0,60,1,2
20825,27,3,190650,1,13,1,1,5,3,1,0,0,25,14,1
20826,81,3,147097,1,13,7,2,1,1,1,0,0,5,1,1
20829,65,3,117162,8,11,2,2,3,1,2,0,0,56,1,2
20868,61,3,253101,1,13,3,4,1,1,2,0,0,24,1,1
20877,48,3,112860,13,6,2,5,3,2,2,0,0,35,1,1
20880,79,2,142171,9,4,2,9,2,1,1,1409,0,35,1,1
20915,60,3,163946,5,5,2,7,2,1,1,0,0,40,1,1
20930,18,3,184416,13,6,1,5,4,2,1,0,0,30,1,1
20938,21,3,205940,6,10,1,1,4,1,2,0,0,40,1,1
20941,19,3,140242,6,10,1,6,4,1,2,0,0,20,1,1
20953,80,2,174995,2,9,2,7,2,1,1,0,0,8,11,1
20963,24,3,154373,2,9,2,5,3,1,2,0,0,25,1,1
21039,34,3,24504,2,9,1,7,1,1,1,0,0,40,1,1
21096,20,3,337488,6,10,1,5,4,2,1,0,0,30,1,1
21114,24,3,67586,8,11,2,1,3,2,2,0,0,35,1,1
21125,21,3,253190,6,10,1,6,4,1,1,0,0,48,1,1
21142,76,2,224680,11,15,2,4,2,1,1,0,1258,20,1,1
21146,48,3,193047,2,9,2,7,2,1,1,0,0,40,1,2
21152,44,3,191982,6,10,3,1,5,1,2,0,0,10,16,1
21158,25,3,170428,1,13,1,4,1,3,1,0,0,28,22,1
21176,64,3,104756,6,10,7,1,5,1,2,0,0,8,1,1
21179,23,3,281668,13,6,1,5,4,2,2,0,0,40,1,1
21242,19,3,252752,2,9,1,5,4,2,1,0,0,35,1,1
21243,65,2,404601,2,9,2,1,2,1,1,2414,0,30,1,1
21272,19,1,41609,6,10,1,5,4,1,1,0,0,10,1,1
21274,43,3,109912,1,13,2,4,3,1,2,0,0,7,1,2
21289,57,3,155259,6,10,3,1,1,1,2,0,0,40,1,1
21348,22,3,110622,1,13,1,4,4,3,2,0,0,15,22,1
21356,77,5,174887,6,10,2,2,2,1,1,0,0,6,1,1
21394,22,3,121070,6,10,1,5,4,1,1,0,0,35,1,1
21410,74,5,33114,13,6,2,9,2,4,1,1797,0,30,1,1
21413,44,3,268804,2,9,2,5,2,2,1,0,0,30,1,1
21422,51,3,147015,6,10,3,2,1,2,1,0,0,50,1,1
21428,19,3,218471,2,9,1,6,4,1,2,0,1602,30,1,1
21437,19,3,124651,3,7,1,5,4,2,1,0,0,25,1,1
21453,34,3,170276,1,13,2,4,3,1,2,0,0,10,1,2
21455,24,3,256240,9,4,2,7,4,1,1,0,0,60,1,1
21465,21,3,357029,6,10,2,1,3,2,2,2105,0,20,1,1
21483,28,3,127833,2,9,1,1,5,2,2,0,0,40,1,1
21487,48,3,355890,1,13,2,2,2,1,1,0,0,55,1,2
21491,75,3,35724,2,9,7,1,1,1,2,0,0,8,1,1
21516,78,3,292019,9,4,2,9,2,1,1,0,0,20,1,1
21524,37,3,299090,2,9,3,5,1,1,2,0,0,30,1,1
21528,25,3,196627,3,7,1,7,4,1,1,0,0,40,1,1
21537,51,3,177487,2,9,2,7,2,1,1,0,0,40,1,1
21545,17,3,241021,16,8,1,1,4,5,2,0,0,40,1,1
21549,20,3,114813,13,6,5,10,5,1,2,0,0,40,1,1
21586,29,3,116820,2,9,1,7,4,1,1,0,0,50,1,1
21626,38,3,75024,9,4,3,10,1,1,2,0,0,40,1,1
21631,71,2,45801,2,9,2,9,2,1,1,0,0,70,1,1
21648,69,3,168794,9,4,2,10,2,1,1,0,0,48,1,1
21666,18,3,42293,13,6,1,5,4,1,2,0,0,30,1,1
21686,65,3,123484,2,9,7,5,6,1,2,0,0,25,1,1
21698,32,3,256371,16,8,1,5,4,2,2,0,0,40,1,1
21725,68,3,192052,6,10,2,1,3,1,2,0,2457,40,1,1
21746,67,3,159542,12,3,7,5,5,2,2,0,0,40,1,1
21762,67,3,233182,2,9,3,1,1,1,2,0,0,7,1,1
21799,38,3,212048,11,15,3,4,1,1,2,0,0,30,1,1
21803,22,3,88126,6,10,1,7,4,1,1,0,0,40,1,1
21805,63,3,146196,1,13,2,4,2,1,1,0,0,40,1,1
21812,82,3,194590,8,11,7,1,1,1,2,0,0,8,1,1
21829,25,3,156848,6,10,1,7,4,1,1,0,0,40,1,1
21847,19,3,249147,2,9,1,5,4,1,1,0,0,30,1,1
21851,18,3,261276,6,10,1,6,4,2,2,0,1602,40,18,1
21857,20,3,37932,2,9,1,5,1,1,1,0,0,40,1,1
21861,45,3,260953,4,14,2,4,2,1,1,0,0,40,1,1
21892,65,7,224472,11,15,1,4,1,1,1,25124,0,80,1,2
21914,19,3,169758,6,10,1,5,4,1,1,0,0,40,1,1
21919,22,1,24008,6,10,1,9,4,1,1,0,0,72,1,1
21946,30,3,411560,2,9,2,7,2,2,1,0,0,40,1,1
22006,76,2,42209,5,5,7,5,1,1,1,0,0,25,1,1
22022,24,3,165350,2,9,5,5,1,2,1,0,0,50,12,1
22033,42,3,195124,2,9,2,7,2,1,1,0,0,60,25,1
22042,58,2,175017,1,13,3,4,1,1,1,0,0,25,1,1
22060,67,3,209137,1,13,2,2,2,1,1,0,0,40,1,1
22075,19,3,61855,2,9,1,5,6,1,2,0,0,30,1,1
22094,19,3,225775,6,10,1,5,4,1,1,0,0,40,1,1
22101,21,3,262280,6,10,2,1,3,1,2,3781,0,40,1,1
22109,66,3,186030,9,4,2,7,2,1,1,0,0,32,1,1
22130,67,2,81761,4,14,2,4,2,1,1,0,0,2,1,1
22165,21,3,102323,6,10,1,5,4,1,1,0,0,30,1,1
22173,17,3,161259,13,6,1,5,6,1,1,0,0,12,1,1
22225,35,3,98080,11,15,1,4,1,3,1,4787,0,45,30,2
22254,59,3,182836,2,9,2,1,3,1,2,0,0,40,1,2
22281,20,3,145917,6,10,1,5,1,1,2,0,0,15,1,1
22348,51,3,182543,14,2,5,5,5,1,2,0,0,40,6,1
22350,26,3,137951,13,6,5,5,6,1,2,0,0,40,8,1
22373,46,3,280030,12,3,2,10,2,1,1,0,0,40,6,1
22378,44,2,190205,9,4,2,7,2,1,1,0,0,25,1,1
22379,28,3,161290,6,10,1,1,4,2,2,0,0,40,1,1
22387,22,3,224238,6,10,1,4,4,1,1,0,0,2,1,1
22396,17,3,166759,16,8,1,6,4,1,2,0,0,40,1,1
22405,22,3,182387,6,10,1,1,1,3,2,0,0,12,19,1
22422,71,3,52171,9,4,3,9,5,1,1,0,0,45,1,1
22495,62,3,203126,5,5,1,10,5,1,2,0,0,40,25,1
22502,19,3,182590,13,6,1,5,1,1,2,0,0,38,1,1
22510,20,3,162667,2,9,1,5,6,1,1,0,0,40,26,1
22545,65,3,174904,2,9,5,1,1,1,2,0,0,40,1,1
22556,64,3,380687,1,13,2,4,3,2,2,0,0,8,1,1
22633,25,3,178960,3,7,1,5,5,1,2,0,0,40,1,1
22644,47,3,99127,8,11,2,7,2,1,1,0,0,40,1,2
22731,66,3,186032,8,11,7,1,1,1,2,2964,0,30,1,1
22751,26,3,167835,1,13,2,4,3,1,2,0,0,20,1,1
22757,19,3,184308,6,10,2,5,3,1,2,0,0,30,1,1
22786,27,3,204074,2,9,1,7,1,1,1,0,0,40,1,1
22795,25,3,126797,2,9,4,7,1,1,1,0,0,40,1,1
22798,30,3,58798,9,4,7,5,1,1,2,0,0,44,1,1
22820,46,3,233014,2,9,3,1,1,2,2,0,0,40,1,1
22833,32,3,216908,2,9,2,5,2,1,1,0,0,24,1,1
22841,26,3,256141,6,10,1,1,4,1,2,0,0,40,1,1
22848,18,3,211177,16,8,1,5,6,2,1,0,0,20,1,1
22885,20,3,129240,6,10,1,5,4,1,2,0,0,25,1,1
22898,84,3,127184,12,3,2,8,2,1,1,0,0,20,1,1
22910,19,3,200790,16,8,2,6,6,1,2,15024,0,40,1,2
22928,17,3,332666,13,6,1,5,4,1,2,0,0,4,1,1
22951,71,2,178295,7,12,2,7,2,1,1,0,0,3,1,1
22976,58,3,97634,12,3,2,8,2,1,1,0,0,40,1,1
22983,56,3,32604,6,10,1,1,1,2,2,0,0,40,1,1
22997,19,3,174871,6,10,1,5,4,1,1,0,0,23,1,1
23009,31,3,283531,2,9,3,5,5,2,2,0,0,20,1,1
23019,70,3,135339,1,13,2,10,2,3,1,0,0,40,29,1
23062,20,3,86318,6,10,1,1,4,1,2,0,0,10,1,1
23099,20,3,327462,13,6,3,5,1,1,2,0,0,40,1,1
23109,17,3,215743,3,7,1,3,4,1,1,0,0,40,1,1
23123,46,3,81136,8,11,3,7,5,1,1,0,0,30,1,1
23136,21,3,303588,6,10,1,5,4,1,2,0,0,30,1,1
23176,18,3,78181,2,9,1,6,4,1,2,0,0,20,1,1
23192,19,3,45643,6,10,1,5,4,1,2,0,0,25,1,1
23209,49,3,271346,1,13,2,2,2,1,1,15024,0,60,1,2
23228,49,3,171411,5,5,3,7,1,1,1,0,0,40,1,1
23237,47,3,89806,6,10,3,1,1,4,2,0,0,35,1,1
23267,19,3,440417,6,10,1,1,4,1,2,0,0,15,1,1
23281,36,3,168223,1,13,1,4,4,1,2,0,0,40,1,1
23315,22,3,165065,6,10,1,1,4,1,2,0,0,40,15,1
23330,21,3,369084,6,10,1,5,6,1,1,0,0,10,1,1
23333,17,3,48751,3,7,1,5,4,2,2,0,0,40,1,1
23336,71,3,176986,2,9,7,5,5,1,1,0,0,24,1,1
23342,21,3,380219,6,10,1,1,4,2,2,0,0,40,1,1
23351,24,3,172152,1,13,1,4,1,3,1,0,0,25,22,1
23353,24,3,164574,6,10,1,7,4,1,1,0,0,40,1,1
23373,17,3,806316,3,7,1,6,4,1,2,0,0,20,1,1
23375,45,3,236612,3,7,3,8,4,2,1,0,0,40,1,1
23388,62,5,113234,4,14,2,4,3,1,2,0,0,40,1,1
23395,19,3,158603,13,6,1,5,4,2,1,0,0,25,1,1
23415,31,3,76198,2,9,5,5,4,1,2,0,0,20,1,1
23421,64,3,178556,13,6,2,2,2,1,1,0,0,56,1,2
23502,31,3,213771,2,9,7,5,5,1,2,0,0,36,1,1
23535,59,3,424468,1,13,2,2,2,1,1,0,0,40,1,2
23536,69,2,320280,6,10,1,2,1,1,1,1848,0,1,1,1
23538,50,3,194186,2,9,2,7,2,1,1,0,0,60,1,1
23544,17,3,94366,13,6,1,5,6,1,1,0,0,6,1,1
23551,18,3,379768,2,9,1,1,4,5,2,0,0,40,1,1
23592,62,3,81578,2,9,2,7,2,1,1,0,0,40,1,2
23636,70,2,148065,6,10,2,2,2,1,1,0,0,4,1,2
23670,26,3,208994,6,10,1,5,4,1,1,0,0,12,1,1
23711,63,3,234083,2,9,3,1,1,1,2,0,2205,40,1,1
23744,55,3,170994,2,9,1,1,1,1,2,0,0,40,1,1
23755,72,3,271352,13,6,3,5,1,1,1,0,0,12,1,1
23759,39,3,281363,13,6,7,5,5,1,2,0,0,15,1,1
23793,29,3,339100,3,7,3,10,1,1,2,3418,0,48,1,1
23818,69,3,262352,6,10,2,6,2,1,1,0,0,32,1,1
23822,20,3,66695,6,10,1,6,4,5,2,594,0,35,1,1
23825,62,3,83439,9,4,2,10,2,1,1,0,0,40,1,1
23853,63,3,221592,2,9,2,7,2,1,1,0,0,40,1,2
23865,67,3,200862,13,6,1,5,1,2,2,0,0,35,1,1
23880,68,2,40956,1,13,2,4,2,1,1,0,0,25,1,1
23918,28,3,131310,16,8,2,5,3,1,2,0,0,20,12,1
23920,20,3,358783,6,10,1,1,4,1,2,0,0,35,1,1
23936,19,3,217194,13,6,1,5,4,1,1,0,0,30,1,1
23954,30,3,101697,1,13,2,4,3,1,2,0,0,20,1,1
23980,70,3,149040,2,9,7,1,1,1,2,2964,0,12,1,1
24003,63,3,301611,2,9,2,6,2,1,1,0,0,20,1,1
24015,58,3,353244,1,13,7,4,5,1,2,27828,0,50,1,2
24047,30,3,361817,2,9,1,3,4,1,1,0,0,25,1,1
24053,48,3,199763,6,10,2,1,3,1,2,0,0,20,1,1
24054,62,3,223447,16,8,3,7,1,1,1,0,0,40,11,1
24073,47,3,308242,2,9,2,7,2,1,1,0,0,40,1,1
24084,60,3,120163,1,13,2,2,2,1,1,0,0,40,1,1
24109,27,3,194024,5,5,5,5,5,1,2,0,0,50,1,1
24133,35,3,333305,6,10,2,1,4,1,2,0,0,40,1,1
24149,21,3,140012,6,10,1,5,4,1,1,0,0,20,1,1
24155,70,3,306563,2,9,2,3,2,1,1,0,0,40,1,1
24183,49,3,57665,1,13,3,4,4,1,2,0,0,40,1,1
24195,29,3,188675,6,10,3,13,4,2,1,0,0,40,1,1
24232,67,3,37170,9,4,3,7,1,1,1,0,0,3,1,1
24238,90,3,166343,14,2,7,15,1,2,2,0,0,40,1,1
24241,20,3,210474,6,10,1,1,4,1,2,0,0,15,1,1
24247,65,3,191380,13,6,2,2,2,1,1,9386,0,50,1,2
24299,39,3,361838,1,13,2,4,3,1,2,0,0,6,1,2
24308,22,3,210802,6,10,1,1,1,2,2,0,0,35,1,1
24318,38,3,121135,2,9,2,7,2,1,1,0,0,40,1,1
24379,50,3,123044,4,14,2,2,2,1,1,0,0,60,1,2
24386,62,3,191118,6,10,2,2,2,1,1,7298,0,40,1,2
24405,76,3,201986,3,7,7,5,6,1,2,0,0,16,1,1
24429,62,3,199198,3,7,3,5,1,2,2,0,0,40,1,1
24461,49,3,481987,2,9,2,2,2,1,1,0,0,60,1,1
24475,41,3,152880,2,9,3,5,1,2,2,0,0,28,1,1
24485,63,3,310396,5,5,2,6,2,1,1,5178,0,40,1,2
24527,63,3,97823,3,7,2,7,2,1,1,0,0,40,1,1
24532,30,3,298577,2,9,1,5,4,1,1,0,0,30,1,1
24579,35,3,226379,2,9,2,5,6,1,2,0,0,25,1,1
24580,21,3,277700,6,10,1,5,4,1,1,0,0,20,1,1
24636,24,3,32616,1,13,3,4,1,1,2,0,0,40,1,1
24644,34,3,268127,16,8,5,5,5,2,2,0,0,40,1,1
24686,17,3,212125,13,6,1,6,4,1,2,0,0,20,1,1
24694,17,3,145258,3,7,1,6,6,1,2,0,0,25,1,1
24704,60,3,139391,2,9,2,7,2,1,1,0,0,42,1,1
24714,18,3,172214,2,9,1,6,4,2,2,0,0,20,1,1
24735,60,2,141221,1,13,2,4,2,3,1,0,2163,25,7,1
24752,20,3,220115,2,9,1,3,4,1,1,0,0,12,1,1
24760,24,3,174182,3,7,2,5,3,5,2,0,0,24,1,1
24773,20,3,189203,7,12,1,6,1,1,1,0,0,40,1,1
24779,43,3,218558,2,9,2,7,2,1,1,0,0,40,1,1
24781,20,3,189740,6,10,1,6,4,1,2,0,0,32,1,1
24787,58,3,361870,2,9,2,5,2,2,1,0,0,30,1,1
24796,20,3,169184,6,10,1,1,6,2,2,0,0,40,1,1
24809,28,3,30237,6,10,1,6,5,1,2,0,0,40,1,1
24813,73,3,135601,1,13,2,2,2,1,1,0,0,10,1,1
24821,21,3,116934,6,10,1,1,4,1,2,0,0,40,1,1
24828,29,3,142443,1,13,2,4,2,1,1,0,0,25,1,1
24875,69,3,148694,2,9,3,1,1,1,2,0,0,40,1,1
24876,69,3,180187,7,12,7,1,1,1,2,0,0,6,15,1
24894,62,2,141218,4,14,2,4,2,1,1,0,0,30,1,2
24902,61,3,202106,2,9,2,7,2,1,1,0,1902,40,1,2
24913,19,3,199495,6,10,1,6,4,1,1,0,0,60,1,1
24949,36,3,187983,2,9,1,1,5,1,2,0,0,40,1,1
24998,21,3,433330,6,10,1,1,5,1,1,0,0,40,1,1
25009,23,3,138768,1,13,1,1,4,1,1,2907,0,40,1,1
25034,33,3,211699,6,10,3,1,5,1,2,0,0,40,1,1
25044,18,3,126154,6,10,1,5,4,1,1,0,0,40,1,1
25053,61,3,394534,2,9,2,5,2,2,1,0,0,6,1,1
25056,18,3,67793,2,9,1,6,4,1,2,0,0,60,1,1
25060,22,3,154235,6,10,2,1,3,1,2,3781,0,35,1,1
25067,18,3,71076,2,9,1,3,4,1,1,0,0,40,1,1
25076,19,3,257343,6,10,1,3,4,1,1,0,0,40,1,1
25099,22,3,61499,2,9,1,1,1,1,2,0,0,40,1,1
25122,45,3,215943,2,9,2,7,2,1,1,0,0,40,1,1
25134,20,3,201490,6,10,1,3,4,1,1,0,0,40,1,1
25163,79,3,76641,4,14,2,4,2,1,1,20051,0,40,16,2
25186,63,3,424591,2,9,2,7,2,1,1,0,0,40,1,1
25208,30,3,355571,2,9,1,1,5,2,2,0,0,40,1,1
25216,21,3,175166,6,10,1,1,4,1,2,2176,0,40,1,1
25225,61,3,124648,13,6,3,5,1,1,2,0,0,40,1,1
25238,65,3,106910,3,7,3,5,1,3,2,0,0,15,1,1
25266,58,2,53481,1,13,2,9,2,1,1,0,0,70,1,1
25270,78,2,74795,7,12,7,1,1,1,2,0,0,4,1,1
25295,61,3,187636,1,13,3,4,5,1,2,0,0,40,1,1
25303,90,3,175444,9,4,5,5,1,1,2,0,0,15,1,1
25321,66,3,212759,1,13,2,4,2,1,1,6767,0,20,1,1
25397,80,2,91901,2,9,2,2,2,1,1,0,0,25,1,1
25417,21,3,40052,6,10,1,5,1,1,1,0,2001,45,1,1
25424,52,3,318351,6,10,2,1,3,1,2,0,0,40,1,2
25430,20,3,41356,7,12,1,5,1,1,2,0,0,32,1,1
25441,60,2,160155,1,13,2,2,2,1,1,0,0,12,1,1
25457,55,3,136819,1,13,2,2,2,1,1,0,0,40,1,1
25519,17,3,89870,13,6,1,5,4,1,1,0,0,40,1,1
25522,66,3,108185,5,5,2,7,2,2,1,0,0,40,1,1
25524,43,3,405374,6,10,5,7,1,2,1,0,0,40,1,1
25537,69,3,259323,11,15,3,4,1,1,1,0,0,5,1,1
25568,73,3,177773,2,9,2,6,2,1,1,0,0,15,1,1
25578,59,3,87247,13,6,3,5,1,1,2,0,0,40,10,1
25588,30,3,138744,2,9,1,7,4,1,1,0,0,40,1,1
25636,35,3,195946,6,10,2,7,2,3,1,0,0,40,14,2
25669,22,3,424494,6,10,1,5,4,1,1,0,0,25,1,1
25685,36,3,205396,2,9,7,5,1,1,2,0,0,4,1,1
25703,19,3,185619,6,10,1,5,4,1,2,0,0,20,1,1
25726,43,3,387839,2,9,1,1,6,1,2,0,0,40,1,1
25748,21,3,77665,6,10,1,5,4,1,1,0,0,35,1,1
25755,17,3,47407,3,7,1,5,4,1,1,0,0,10,1,1
25772,63,2,106648,2,9,2,7,2,1,1,0,0,25,1,1
25802,67,3,150264,10,16,2,4,2,1,1,0,0,20,11,2
25806,49,2,31478,9,4,2,9,2,1,1,0,0,99,1,1
25813,56,3,32855,2,9,3,7,1,1,1,0,0,40,1,1
25819,63,2,83043,1,13,2,2,2,1,1,0,2179,45,1,1
25826,22,3,211013,6,10,1,1,4,1,2,0,0,40,6,1
25835,17,3,64785,13,6,1,5,4,1,1,0,0,30,1,1
25846,75,3,222789,1,13,7,1,1,1,2,0,0,6,1,1
25853,70,3,163057,2,9,7,1,1,1,2,2009,0,40,1,1
25877,70,3,133248,2,9,2,6,2,1,1,0,0,14,1,1
25902,53,3,150393,2,9,1,7,1,1,1,0,1504,35,1,1
25928,28,3,303674,2,9,2,1,3,1,2,3103,0,20,1,1
25929,44,3,195488,16,8,5,1,1,1,2,0,0,36,8,1
25930,58,3,114362,6,10,2,5,2,2,1,0,0,30,1,1
25976,63,2,133166,10,16,2,4,2,1,1,0,0,12,1,1
25980,50,3,257117,5,5,2,8,2,1,1,0,0,50,1,1
26012,81,3,106765,6,10,7,1,5,1,2,0,0,4,1,1
26040,29,3,95108,2,9,1,7,1,1,1,0,0,40,1,1
26051,19,3,141418,6,10,1,5,4,1,1,0,0,15,1,1
26081,40,3,165309,9,4,5,5,1,1,2,0,0,8,1,1
26093,62,1,68461,10,16,2,4,2,4,1,0,0,40,1,2
26119,18,3,344742,13,6,1,5,4,1,1,0,0,40,1,1
26127,19,3,60688,6,10,1,5,4,1,1,0,0,35,1,1
26137,20,3,25139,6,10,1,1,4,1,2,0,0,40,1,1
26143,34,3,35595,1,13,2,7,2,1,1,0,0,30,1,1
26145,25,3,192321,7,12,1,5,4,1,2,0,0,80,1,1
26163,66,3,314347,2,9,2,8,2,2,1,0,0,40,1,1
26225,19,3,182609,2,9,1,6,4,2,2,0,0,25,1,1
26244,19,3,195282,2,9,1,6,4,2,2,0,0,20,1,1
26259,18,3,91670,6,10,1,1,4,3,2,0,0,40,1,1
26287,74,3,169303,2,9,2,2,2,1,1,6767,0,6,1,1
26295,23,3,283806,5,5,3,5,1,1,2,0,0,35,1,1
26312,63,2,257659,4,14,1,4,1,1,2,0,0,3,1,1
26331,27,3,280699,6,10,1,1,5,1,2,0,0,40,1,1
26348,59,3,375049,2,9,2,7,2,1,1,0,0,41,1,2
26373,41,3,128700,2,9,1,1,4,1,2,0,0,40,1,1
26375,30,3,201196,3,7,1,5,4,2,2,0,0,40,1,1
26410,38,3,107479,5,5,1,5,4,1,2,0,0,12,1,1
26416,17,3,67808,13,6,1,5,4,1,1,0,0,40,1,1
26421,21,3,72953,6,10,1,7,4,1,1,0,0,40,1,1
26450,24,3,390608,2,9,1,1,1,1,2,0,0,36,1,1
26489,29,3,350603,13,6,1,5,4,1,2,0,0,38,1,1
26503,74,3,89667,1,13,7,4,1,5,2,0,0,35,1,1
26512,66,3,170617,4,14,7,4,1,1,1,0,0,6,1,1
26513,63,5,170529,1,13,2,2,3,2,2,0,0,45,1,1
26522,70,3,158642,2,9,7,1,1,1,2,2993,0,20,1,1
26549,67,3,174995,6,10,2,2,2,1,1,0,2457,40,1,1
26566,30,3,164940,2,9,5,5,5,2,2,0,0,25,1,1
26586,60,3,188236,2,9,3,1,1,1,2,0,0,40,1,1
26598,23,3,87569,6,10,5,5,1,1,2,0,0,40,1,1
26599,19,3,278220,6,10,1,6,4,1,2,0,1602,40,1,1
26681,73,3,139049,2,9,7,6,1,1,2,0,0,22,1,2
26687,34,3,310525,2,9,2,5,2,2,1,0,0,10,1,1
26688,19,3,71592,6,10,1,1,4,3,2,0,0,40,1,1
26776,19,3,309284,6,10,1,7,1,1,1,0,0,40,1,1
26791,20,3,348148,3,7,1,3,4,2,1,0,0,40,1,1
26838,27,3,204773,7,12,2,1,3,1,2,0,0,40,1,1
26866,28,3,222005,2,9,1,5,6,1,2,0,0,40,6,1
26924,29,3,427965,2,9,5,5,5,2,2,0,0,20,1,1
26928,67,3,132057,2,9,2,8,2,2,1,0,0,20,1,1
26958,72,3,188009,9,4,3,5,1,1,1,0,0,30,1,1
26982,65,3,240857,1,13,2,2,2,1,1,0,2377,40,1,2
26986,20,3,117222,6,10,1,1,4,1,1,0,0,40,1,1
26992,19,3,137578,6,10,1,5,4,1,1,0,0,16,1,1
26998,22,3,236330,6,10,1,5,4,2,1,0,1721,20,1,1
27009,20,3,187332,13,6,1,5,1,1,2,0,0,30,1,1
27018,65,3,143732,2,9,7,5,1,2,2,0,0,40,1,1
27022,63,3,29859,2,9,2,7,2,1,1,0,1485,40,1,2
27038,22,3,330571,2,9,1,1,1,1,2,0,0,45,1,1
27051,20,3,183083,6,10,1,5,4,1,2,0,0,20,1,1
27085,18,3,78567,6,10,1,5,4,1,1,0,0,30,1,1
27086,19,3,140590,16,8,1,5,4,2,1,0,0,30,1,1
27100,71,3,177906,1,13,2,2,2,1,1,0,0,10,1,2
27107,63,3,319121,3,7,5,5,1,2,1,0,0,40,1,1
27140,69,1,106566,10,16,2,4,2,1,1,0,0,50,1,2
27144,27,3,181284,16,8,2,8,2,2,1,0,0,45,1,1
27179,26,3,109564,2,9,1,1,4,1,2,0,0,40,1,1
27201,19,3,43739,2,9,1,3,4,1,1,0,0,40,1,1
27225,58,3,150031,6,10,1,1,1,1,2,0,0,40,1,1
27265,25,3,230856,2,9,1,1,5,2,2,0,0,40,1,1
27267,62,3,181014,1,13,2,2,2,1,1,0,0,40,1,1
27317,70,1,54849,10,16,2,4,2,1,1,0,0,20,1,2
27321,22,3,174626,9,4,1,7,4,1,1,0,0,40,1,1
27331,61,2,42938,1,13,1,4,1,1,1,0,0,7,1,2
27350,17,3,216595,3,7,1,6,4,2,2,0,0,20,1,1
27382,19,3,181265,6,10,1,6,4,1,2,0,0,30,1,1
27395,36,3,389850,2,9,4,8,5,2,1,0,0,50,1,1
27426,18,3,348588,16,8,1,5,4,2,1,0,0,25,1,1
27452,27,3,189399,6,10,3,1,1,1,2,0,0,40,1,1
27466,68,3,152157,2,9,7,5,1,1,2,0,0,20,1,1
27475,67,3,125926,6,10,2,6,2,1,1,0,0,8,1,1
27498,25,3,100903,1,13,2,4,3,1,2,0,0,25,1,1
27507,65,2,197883,13,6,2,9,2,1,1,0,0,70,1,1
27513,46,3,228620,3,7,7,5,5,2,2,0,0,40,1,1
27518,62,3,125493,2,9,2,10,3,1,2,5178,0,40,34,2
27522,21,3,220115,6,10,1,5,4,1,1,0,0,20,1,1
27549,20,3,232022,6,10,1,1,4,1,2,0,0,40,1,1
27563,28,3,131310,2,9,5,1,5,1,2,0,0,40,1,1
27569,38,3,155676,2,9,3,5,5,2,2,0,0,40,1,1
27578,64,3,200017,2,9,7,5,1,1,2,0,0,20,1,1
27579,61,3,60641,1,13,1,4,1,1,2,0,0,45,1,1
27590,36,3,98776,6,10,1,5,1,1,1,0,0,30,1,1
27595,59,3,145574,7,12,2,7,2,1,1,0,0,35,1,2
27613,54,3,135840,6,10,2,6,2,1,1,0,0,50,1,1
27642,73,3,131982,1,13,2,1,2,3,1,0,0,5,38,1
27657,48,3,61985,5,5,5,5,1,4,2,0,0,20,1,1
27665,30,3,103651,3,7,2,7,2,1,1,0,0,35,1,1
27676,39,3,240226,2,9,2,10,2,2,1,0,0,40,1,1
27698,50,3,222381,6,10,3,7,5,1,1,0,0,40,1,1
27702,61,3,167284,9,4,7,10,1,2,2,0,0,40,1,1
27707,17,3,341395,13,6,1,5,4,2,1,0,0,20,1,1
27723,60,3,88675,2,9,2,7,2,1,1,0,0,40,1,1
27730,22,3,139324,5,5,1,5,5,2,2,0,0,36,1,1
27770,66,3,182378,9,4,2,7,2,1,1,0,0,30,1,1
27774,19,3,307837,6,10,1,5,4,1,1,0,0,40,1,1
27808,22,3,177902,6,10,1,1,1,3,2,0,0,25,1,1
27844,61,3,175032,2,9,2,7,2,1,1,0,0,40,1,1
27853,42,3,204817,5,5,1,5,4,2,1,0,0,35,1,1
27898,39,3,204756,6,10,3,1,1,1,2,0,0,20,1,1
27915,51,3,521665,6,10,2,7,2,1,1,0,0,24,1,1
27935,57,3,188877,5,5,3,7,1,1,1,0,0,40,1,1
27944,33,3,202366,2,9,3,5,5,1,2,0,0,32,1,1
27971,67,2,102693,2,9,7,6,1,1,1,1086,0,35,1,1
27993,59,3,220783,13,6,7,5,5,1,2,0,0,40,1,1
28009,62,3,181063,13,6,7,5,1,1,2,0,0,30,1,1
28020,66,3,175891,5,5,2,7,2,1,1,0,0,40,1,1
28037,20,3,163665,2,9,1,6,4,1,2,0,0,20,1,1
28043,61,3,63526,16,8,1,8,1,2,1,0,0,52,1,1
28112,61,3,158712,2,9,3,5,1,1,2,0,0,99,1,1
28138,33,3,289046,2,9,3,7,1,2,1,0,1741,40,1,1
28143,68,7,257269,1,13,2,2,2,1,1,0,2377,35,1,2
28144,21,3,191806,6,10,1,9,4,1,1,0,0,75,1,1
28145,56,3,35723,2,9,3,7,4,1,1,0,0,40,1,1
28148,55,3,376058,5,5,1,6,4,1,2,0,0,45,1,1
28164,55,3,141807,2,9,1,7,1,1,1,13550,0,40,1,2
28175,19,3,39460,2,9,1,9,4,1,1,0,0,60,1,1
28206,32,3,377017,7,12,1,7,4,1,1,0,0,40,1,1
28210,55,3,102058,16,8,7,8,1,1,1,0,0,30,1,1
28241,20,3,121023,6,10,1,1,4,1,2,0,0,40,1,1
28271,44,3,91949,2,9,1,1,5,2,2,0,0,40,1,1
28276,21,3,233923,6,10,1,5,4,1,2,0,0,24,1,1
28293,42,3,116632,6,10,2,6,2,1,1,0,0,60,1,1
28303,18,3,171964,2,9,1,6,4,1,2,0,1602,20,1,1
28320,36,3,504871,2,9,2,7,2,1,1,0,0,40,1,2
28344,30,3,205418,2,9,2,1,3,1,2,0,0,20,1,1
28365,58,3,148673,2,9,2,9,2,1,1,0,0,10,1,1
28382,20,3,195767,2,9,1,3,4,1,1,0,0,40,1,1
28384,24,3,265434,1,13,1,4,1,1,2,0,0,40,1,1
28394,20,3,141453,6,10,1,1,4,1,2,0,0,10,1,1
28425,75,2,125784,6,10,2,6,2,1,1,0,0,8,1,1
28476,71,3,116165,6,10,7,1,1,1,2,0,0,14,11,1
28478,28,3,174666,13,6,5,8,1,1,1,0,0,80,1,1
28503,21,3,214635,6,10,1,5,4,1,1,0,0,24,1,1
28543,68,3,255276,6,10,2,6,2,1,1,0,0,48,1,2
28548,68,3,186266,2,9,2,1,3,1,2,0,0,8,1,1
28586,25,3,210095,12,3,1,15,5,1,2,0,0,25,26,1
28603,75,3,128224,12,3,2,9,2,1,1,0,0,25,1,1
28629,61,3,71467,2,9,2,7,2,1,1,3103,0,40,1,2
28686,49,3,350759,2,9,2,7,2,1,1,0,0,40,1,1
28715,57,3,202903,9,4,2,5,3,1,2,1173,0,45,8,1
28773,21,3,123983,6,10,1,1,6,3,1,0,0,10,38,1
28783,68,3,270339,13,6,2,8,2,1,1,0,0,35,1,1
28802,20,3,401690,2,9,1,1,1,1,2,0,0,30,1,1
28811,23,3,343553,3,7,1,3,1,2,1,0,0,40,1,1
28849,67,3,39100,2,9,2,1,3,1,2,0,0,5,1,1
28855,21,3,170272,6,10,1,5,4,1,2,0,0,25,1,1
28859,21,3,306779,6,10,1,3,4,1,1,0,0,40,1,1
28885,69,3,107575,2,9,3,1,1,1,2,2964,0,35,1,1
28891,23,3,32897,7,12,2,6,2,1,1,0,0,20,1,1
28904,27,3,29361,7,12,1,6,1,1,2,0,0,45,1,1
28918,55,3,200235,2,9,2,7,2,1,1,0,0,50,1,2
28922,57,3,85815,2,9,3,5,4,3,1,0,0,20,1,1
28933,22,3,269221,6,10,1,1,4,1,1,0,0,40,1,1
28943,23,3,86337,6,10,1,5,1,1,2,0,0,15,1,1
28953,66,3,210750,6,10,2,6,2,1,1,0,0,50,1,1
28957,21,3,509629,6,10,1,6,4,1,2,0,0,35,1,1
28961,37,3,50862,2,9,2,7,2,1,1,0,0,55,1,1
29026,23,3,190650,1,13,1,4,1,3,1,0,0,35,1,1
29040,34,2,222548,6,10,2,4,3,1,2,0,0,4,1,1
29061,37,3,319685,8,11,2,13,2,1,1,0,0,54,1,2
29062,64,3,64101,16,8,2,7,2,1,1,0,0,24,1,1
29072,23,3,214238,9,4,1,10,1,1,2,0,0,40,6,1
29094,36,3,224886,2,9,2,7,2,1,1,0,0,40,1,1
29097,68,2,141181,5,5,2,7,2,1,1,0,0,2,1,1
29101,19,3,140399,6,10,1,6,6,1,2,0,0,30,1,1
29119,73,3,200878,2,9,7,5,1,1,2,0,0,15,1,1
29128,18,3,113185,3,7,1,5,4,1,1,0,0,25,1,1
29177,66,3,129476,1,13,2,2,2,1,1,0,0,6,1,1
29206,59,3,184948,8,11,3,7,1,1,1,0,0,48,1,1
29222,63,3,166425,6,10,7,5,1,2,2,0,0,24,1,1
29259,18,3,387871,13,6,1,5,4,1,1,0,0,30,1,1
29297,18,3,252046,2,9,1,6,4,1,2,0,0,30,1,1
29310,22,3,313786,2,9,3,1,6,2,2,0,0,40,1,1
29318,22,3,137876,6,10,1,7,4,1,1,0,0,40,1,1
29324,67,3,98882,4,14,7,4,1,1,2,0,0,40,1,1
29325,20,3,133515,6,10,1,1,4,1,2,0,0,15,27,1
29340,52,3,121942,9,4,2,7,2,1,1,0,0,40,1,1
29359,20,3,174461,2,9,1,5,4,1,2,0,0,5,1,1
29360,73,3,123345,2,9,7,15,1,1,2,0,0,65,1,1
29375,22,3,125905,6,10,1,7,4,1,1,0,0,40,1,1
29391,19,3,199609,6,10,1,1,4,1,2,0,0,40,1,1
29397,50,3,204577,1,13,2,2,2,2,1,0,1902,60,1,2
29421,35,3,139770,8,11,2,11,3,1,2,0,0,20,1,2
29436,18,2,25837,3,7,1,9,4,1,1,0,0,72,1,1
29447,27,3,501172,6,10,2,10,2,1,1,0,419,20,6,1
29455,67,3,53588,2,9,7,1,1,1,2,0,0,40,1,1
29465,18,3,312634,3,7,1,5,4,1,1,0,0,25,1,1
29480,24,3,138504,2,9,5,5,5,2,2,0,0,37,1,1
29527,29,3,78529,13,6,5,5,5,1,2,0,0,12,1,1
29582,23,3,238087,6,10,1,5,4,1,1,0,0,30,1,1
29586,35,3,153926,2,9,2,5,3,2,2,0,0,40,1,1
29601,65,3,160654,2,9,2,7,2,1,1,0,0,20,1,1
29614,25,3,219897,4,14,1,4,1,1,2,0,0,35,11,1
29662,63,3,257876,11,15,2,4,2,1,1,0,0,40,1,1
29693,24,3,152140,2,9,2,1,3,1,2,0,0,40,1,1
29698,55,3,227203,7,12,4,6,1,1,2,0,0,5,1,1
29710,67,3,201657,1,13,3,4,1,1,2,0,0,60,1,1
29724,81,3,89391,11,15,2,4,2,1,1,0,0,24,1,2
29737,62,3,144116,13,6,2,7,2,1,1,0,0,40,1,1
29752,69,3,117525,7,12,3,4,5,1,2,0,0,1,1,1
29791,64,3,146272,6,10,2,6,2,1,1,3411,0,15,1,1
29798,32,3,119522,1,13,3,2,1,1,1,0,0,50,1,1
29807,19,3,28455,6,10,1,5,4,1,2,0,0,40,1,1
29814,55,3,193895,9,4,3,10,5,1,2,0,0,40,1,1
29819,52,3,244214,2,9,2,7,2,1,1,0,0,35,1,1
29835,26,3,182332,8,11,2,1,3,1,2,0,0,40,1,1
29842,35,3,374716,5,5,2,5,3,1,2,0,0,35,1,1
29881,71,3,181301,2,9,2,7,2,1,1,0,0,40,1,1
29902,64,2,267198,11,15,2,4,2,1,1,0,0,16,1,1
29956,68,3,108683,6,10,2,2,3,1,2,0,0,12,1,2
29967,19,3,351195,5,5,1,5,6,1,1,0,1719,35,26,1
30042,67,3,132626,6,10,2,2,2,1,1,0,0,6,1,1
30059,27,3,60726,2,9,1,7,4,2,1,0,0,40,1,1
30061,33,3,393376,3,7,1,1,1,1,2,0,0,40,1,1
30068,19,3,113915,2,9,1,5,4,2,1,0,0,10,1,1
30102,21,3,212888,3,7,2,10,3,1,2,0,0,56,1,1
30156,32,3,169186,2,9,2,6,2,1,1,0,0,5,1,1
30158,29,3,208406,2,9,1,7,1,1,1,0,0,35,1,1
30163,36,3,187203,8,11,3,7,4,1,1,0,0,50,1,1
30206,20,3,289116,6,10,1,1,4,1,2,0,0,5,1,1
30208,17,3,34019,13,6,1,5,4,1,1,0,0,20,1,1
30209,17,3,250541,3,7,1,5,4,2,1,0,0,8,1,1
30218,45,3,98265,2,9,3,1,1,1,2,0,0,40,1,1
30268,60,3,106282,5,5,7,5,1,1,2,0,0,40,1,1
30277,33,3,369386,6,10,2,1,3,1,2,5178,0,40,1,2
30295,60,3,141580,4,14,2,4,2,1,1,0,0,40,1,1
30313,26,3,264300,6,10,2,1,3,1,2,0,0,20,1,1
30334,20,3,162667,3,7,1,5,5,1,1,0,0,40,26,1
30384,20,3,203353,6,10,1,1,4,1,2,0,0,40,1,1
30397,61,3,72886,2,9,2,2,2,1,1,0,0,38,1,2
30402,17,3,48703,3,7,1,5,4,1,2,0,0,30,1,1
30412,41,3,213416,12,3,2,5,2,1,1,0,0,32,6,1
30444,17,3,371316,13,6,1,5,4,1,1,0,0,25,1,1
30450,39,3,86551,16,8,2,7,2,1,1,0,0,40,1,1
30456,29,3,191935,2,9,1,7,1,1,1,0,0,40,1,1
30468,38,3,365465,8,11,1,5,4,1,1,0,0,15,1,1
30513,17,3,187539,3,7,1,6,4,1,2,0,0,10,1,1
30558,61,3,229744,14,2,2,5,2,1,1,3942,0,20,6,1
30569,75,3,114204,6,10,2,6,2,1,1,0,0,13,1,1
30584,18,3,51574,2,9,1,6,4,3,2,0,1602,38,1,1
30615,29,3,65372,6,10,3,1,5,1,2,0,0,40,1,1
30623,72,3,402306,6,10,2,1,2,1,1,0,0,32,11,1
30624,35,3,98389,6,10,1,5,5,1,1,0,0,10,1,1
30628,65,3,115513,1,13,2,2,2,1,1,5556,0,48,1,2
30641,21,3,242736,7,12,1,1,4,1,2,0,0,40,1,1
30660,21,3,177287,6,10,1,1,4,1,2,0,0,40,1,1
30673,20,3,122244,2,9,1,5,1,1,2,0,0,28,1,1
30677,18,3,245274,6,10,1,5,4,1,1,0,0,16,1,1
30687,63,3,331527,13,6,2,7,2,1,1,0,0,40,1,1
30693,70,3,133536,2,9,2,6,2,1,1,0,0,28,1,1
30698,22,3,334593,6,10,1,1,1,1,1,0,0,40,1,1
30707,27,3,146651,2,9,2,5,4,1,2,0,0,15,1,1
30711,18,3,157131,2,9,1,5,4,1,2,0,0,12,1,1
30713,56,3,192325,6,10,3,1,1,1,2,0,0,20,1,1
30723,34,3,362787,2,9,1,5,5,2,2,0,0,35,1,1
30727,21,3,107801,6,10,1,4,4,1,2,0,0,3,1,1
30744,60,3,174073,2,9,2,7,2,1,1,0,0,40,1,1
30757,31,3,99483,2,9,1,7,4,4,1,0,0,40,1,1
30776,17,3,219277,3,7,1,6,4,1,2,0,0,20,1,1
30781,66,3,186061,6,10,7,1,5,2,2,0,4356,40,1,1
30784,57,3,137658,2,9,2,5,2,5,1,0,0,5,17,1
30822,21,3,105312,2,9,1,5,1,1,2,0,0,20,1,1
30827,57,3,50248,6,10,2,6,2,1,1,0,0,40,1,1
30830,33,3,314913,3,7,3,7,4,1,1,0,0,53,1,1
30897,18,3,267399,16,8,1,5,4,1,2,0,0,12,1,1
30930,28,3,198393,2,9,1,1,1,2,2,0,0,40,1,1
30947,69,3,121136,2,9,2,6,2,1,1,0,0,13,1,1
30977,44,3,248876,1,13,3,2,1,1,1,0,0,50,1,1
31018,21,3,403860,6,10,1,7,4,1,1,0,0,40,1,1
31032,22,3,219122,6,10,1,7,4,1,1,0,0,40,1,1
31036,22,3,199426,6,10,1,1,1,1,2,0,0,40,1,1
31043,72,3,117017,2,9,2,2,2,1,1,0,0,8,1,1
31061,22,3,243190,6,10,1,1,4,3,1,0,0,40,29,1
31062,59,3,160662,2,9,2,7,2,1,1,2407,0,60,1,1
31073,17,3,41643,3,7,1,5,4,1,2,0,0,15,1,1
31094,17,3,172145,13,6,1,5,4,2,2,0,0,40,1,1
31101,22,3,39803,6,10,1,3,4,1,1,0,0,40,1,1
31108,25,3,161235,8,11,1,9,4,1,1,0,0,90,1,1
31118,65,3,231604,2,9,2,7,2,1,1,0,0,45,12,1
31123,25,3,214925,13,6,1,3,4,2,1,0,0,40,1,1
31178,64,3,208862,2,9,2,2,2,1,1,0,0,50,1,2
31193,19,3,230874,6,10,1,1,4,1,2,0,0,40,1,1
31201,21,3,176356,6,10,1,1,4,1,2,0,0,10,12,1
31220,56,3,425497,7,12,2,8,2,1,1,0,0,20,1,1
31235,27,3,174163,6,10,2,1,3,1,2,0,0,40,1,2
31247,53,3,155233,16,8,2,10,3,1,2,0,0,40,15,1
31253,43,3,214541,2,9,2,7,2,1,1,0,0,35,1,1
31273,33,3,216908,13,6,1,7,6,1,1,0,0,40,1,1
31276,65,3,52728,6,10,2,2,2,1,1,0,0,40,1,1
31279,20,3,95989,6,10,1,1,4,1,2,0,0,40,1,1
31307,27,3,249463,8,11,2,8,2,1,1,0,0,20,1,1
31313,38,3,281768,9,4,3,15,5,2,2,0,0,30,1,1
31360,41,3,252127,6,10,7,5,5,2,2,0,0,20,1,1
31372,67,3,34122,12,3,2,9,2,1,1,0,0,40,1,1
31390,61,2,584259,4,14,2,6,2,1,1,0,0,2,1,2
31421,42,3,175935,2,9,5,7,5,1,1,0,0,40,1,1
31432,87,3,90338,2,9,7,2,1,1,1,0,0,2,1,1
31527,29,3,297054,2,9,3,7,1,1,1,0,0,40,1,1
31536,29,3,207032,2,9,4,10,5,2,2,0,0,42,23,1
31540,61,3,69285,2,9,2,7,2,1,1,0,0,37,1,1
31568,28,3,60726,2,9,1,7,4,2,1,0,0,40,1,1
31577,66,3,357750,3,7,7,5,1,2,2,0,0,40,1,1
31591,72,3,108796,11,15,2,4,2,1,1,0,0,40,1,2
31594,56,3,119254,13,6,3,5,1,1,2,0,0,40,1,1
31605,20,3,369678,16,8,1,3,1,5,1,0,1602,40,1,1
31621,66,3,68219,5,5,2,7,2,1,1,0,0,40,1,1
31633,26,3,370727,1,13,2,4,3,1,2,0,1977,40,1,2
31635,65,2,37170,9,4,2,9,2,1,1,0,0,20,1,1
31661,68,3,229016,2,9,2,1,3,1,2,0,0,25,1,1
31664,61,3,203849,6,10,3,1,1,1,2,0,0,40,1,1
31668,64,3,169917,9,4,7,5,1,1,2,0,0,4,1,1
31696,90,3,313986,2,9,2,2,2,1,1,0,0,40,1,2
31698,20,3,189203,7,12,1,5,1,1,1,0,0,20,1,1
31710,64,3,34100,6,10,7,2,1,1,1,0,0,4,1,1
31711,62,3,186611,2,9,1,7,1,1,1,0,0,40,1,1
31723,31,3,259120,6,10,2,1,3,1,2,0,0,10,1,1
31731,72,3,82635,3,7,2,5,2,1,1,0,0,40,1,1
31739,36,3,187167,2,9,5,5,1,1,2,0,0,30,1,1
31751,22,3,148955,6,10,1,1,4,3,2,0,0,15,7,1
31753,20,3,71788,6,10,1,6,4,1,2,0,0,18,1,1
31758,17,3,171461,13,6,1,6,4,1,2,0,0,20,1,1
31765,19,3,166018,6,10,1,1,4,1,2,0,0,40,1,1
31772,17,3,256173,13,6,1,5,4,1,2,0,0,15,1,1
31775,61,2,101602,10,16,2,4,2,1,1,0,0,25,1,2
31790,23,3,449101,2,9,2,6,4,1,2,0,0,30,1,1
31792,32,3,981628,2,9,3,10,5,2,1,0,0,40,1,1
31793,59,3,147989,2,9,7,1,1,1,2,0,0,35,1,1
31810,35,3,35854,6,10,1,1,4,1,2,0,0,40,1,1
31821,36,3,229533,2,9,2,7,2,1,1,0,0,40,1,1
31836,80,2,281768,7,12,2,2,2,1,1,0,0,4,1,1
31862,29,3,499935,8,11,1,1,5,1,2,0,0,40,1,1
31871,18,3,200525,3,7,1,6,4,1,2,0,0,25,1,1
31885,35,3,273558,6,10,1,5,1,2,1,0,0,30,1,1
31908,70,3,92593,6,10,7,1,1,1,2,0,0,25,1,1
31912,62,3,31577,2,9,2,9,2,1,1,0,0,18,1,1
31913,18,3,90230,2,9,1,5,4,1,1,0,0,20,1,1
31997,60,2,268954,6,10,2,2,2,1,1,0,0,12,1,2
31998,52,3,89951,16,8,2,1,3,2,2,0,0,40,1,2
32008,58,3,97969,14,2,4,9,5,4,1,0,0,40,1,1
32016,62,3,178764,2,9,2,7,2,1,1,0,0,40,1,2
32039,24,3,108495,2,9,1,7,4,1,1,0,0,40,1,1
32062,26,3,375313,6,10,1,1,4,3,1,0,0,40,14,1
32070,18,3,97474,2,9,1,6,4,1,2,0,0,20,1,1
32073,65,3,192825,9,4,2,9,2,1,1,0,0,25,1,1
32075,27,3,147638,4,14,1,4,1,5,2,0,0,40,30,1
32080,21,3,155697,5,5,1,10,4,1,1,0,0,42,1,1
32083,51,3,43909,2,9,3,1,5,2,2,0,0,40,1,1
32088,21,3,78374,2,9,1,5,6,3,2,0,0,24,1,1
32093,62,3,263374,8,11,2,7,2,1,1,0,0,40,11,1
32103,34,3,330301,9,4,5,5,5,2,2,0,0,40,1,1
32189,19,3,204868,2,9,2,6,3,1,2,0,0,36,1,1
32201,49,3,113913,2,9,2,6,3,1,2,0,0,60,1,1
32206,72,3,96867,12,3,7,5,1,1,2,0,0,40,1,1
32275,20,3,99891,6,10,1,5,4,1,2,0,0,30,1,1
32291,59,3,120617,6,10,1,1,1,2,2,0,0,40,1,1
32310,21,3,205939,6,10,1,7,4,1,1,0,0,40,1,1
32317,63,3,126540,6,10,3,1,1,1,2,0,0,5,1,1
32335,18,3,156608,3,7,1,6,4,1,2,0,0,25,1,1
32343,66,3,93318,2,9,7,1,5,1,2,0,0,40,1,1
32426,20,3,203992,2,9,1,3,4,1,1,0,0,40,1,1
32477,49,3,114648,16,8,3,7,6,2,1,0,0,40,1,1
32490,60,3,134152,5,5,3,5,1,2,1,0,0,35,1,1
32494,82,2,403910,2,9,1,2,1,1,1,0,0,3,1,1
32530,35,3,320084,1,13,2,2,3,1,2,0,0,55,1,2
32531,30,3,33811,1,13,1,4,1,3,2,0,0,99,1,1
32539,71,2,287372,10,16,2,4,2,1,1,0,0,10,1,2
32541,41,3,202822,2,9,5,5,1,2,2,0,0,32,1,1
32542,72,3,129912,2,9,2,5,2,1,1,0,0,25,1,1
